candidate_id,direction,input_speed_rpm,output_torque_nm,oil_temperature_deg_c,curve_mae_deg,curve_rmse_deg,centered_curve_mae_deg,absolute_curve_mean_error_deg,metric_contract
PF_A_LOCAL_QUADRATIC,Fw,100.0,100.0,30.0,0.00044837171904227546,0.0005651800450938616,0.0004451307830341603,6.60935798634174e-05,phase1_full_resolution_degree
PF_A_LOCAL_QUADRATIC,Fw,100.0,100.0,35.0,0.0011120137921813774,0.0013144094072982916,0.0006731366361003399,0.0010148902400886409,phase1_full_resolution_degree
PF_A_LOCAL_QUADRATIC,Fw,100.0,300.0,30.0,0.0016620371326993917,0.0017473294898657618,0.00043279974431520587,0.0016619836401752588,phase1_full_resolution_degree
PF_A_LOCAL_QUADRATIC,Fw,100.0,400.0,30.0,0.0015141892687669804,0.0016072953734604545,0.0004345798424406273,0.0015136488117391197,phase1_full_resolution_degree
PF_A_LOCAL_QUADRATIC,Fw,100.0,500.0,35.0,0.002600928064455898,0.002707213969399098,0.0006093551128592472,0.0026009280644559013,phase1_full_resolution_degree
PF_A_LOCAL_QUADRATIC,Fw,100.0,600.0,35.0,0.0018228903763878466,0.0019876188258602704,0.0006444008472990554,0.0018188364921648964,phase1_full_resolution_degree
PF_A_LOCAL_QUADRATIC,Fw,100.0,900.0,35.0,0.0007543753386014972,0.0009172531457323353,0.0006042258629389174,0.0005364337210380446,phase1_full_resolution_degree
PF_A_LOCAL_QUADRATIC,Fw,100.0,1000.0,30.0,0.0006217249007552572,0.0007861635019292058,0.000529345300150093,0.00043470977783753584,phase1_full_resolution_degree
PF_A_LOCAL_QUADRATIC,Fw,100.0,1100.0,30.0,0.0007892402800648867,0.0009579997000700691,0.0005275265853486888,0.0007044092937348173,phase1_full_resolution_degree
PF_A_LOCAL_QUADRATIC,Fw,200.0,100.0,30.0,0.0007281228930337873,0.0008770290403838349,0.000522839454018126,0.0005767294739598902,phase1_full_resolution_degree
PF_A_LOCAL_QUADRATIC,Fw,200.0,200.0,30.0,0.0011062458553205534,0.0012675776167324067,0.0005381557021483906,0.0010813958558199624,phase1_full_resolution_degree
PF_A_LOCAL_QUADRATIC,Fw,200.0,300.0,25.0,0.0005480105637482326,0.0006776993507216617,0.0004897947871829003,0.0003005978435845838,phase1_full_resolution_degree
PF_A_LOCAL_QUADRATIC,Fw,200.0,900.0,25.0,0.0009146708575559019,0.0011242489235187233,0.0006893661707532426,0.0007267217544613125,phase1_full_resolution_degree
PF_A_LOCAL_QUADRATIC,Fw,300.0,100.0,35.0,0.0010930176975619886,0.0012378700180678103,0.0005097795796254242,0.0010644514790653023,phase1_full_resolution_degree
PF_A_LOCAL_QUADRATIC,Fw,300.0,200.0,30.0,0.0016155604848930893,0.0016855803599962653,0.00038427610970774833,0.0016154555876219806,phase1_full_resolution_degree
PF_A_LOCAL_QUADRATIC,Fw,300.0,800.0,25.0,0.001021635574268934,0.001161405796572576,0.00047413827650881664,0.0010013421975204814,phase1_full_resolution_degree
PF_A_LOCAL_QUADRATIC,Fw,300.0,1000.0,25.0,0.0005897634991701441,0.0007187615946776338,0.0004621731182767027,0.00043019699884802587,phase1_full_resolution_degree
PF_A_LOCAL_QUADRATIC,Fw,400.0,0.0,30.0,0.003038214520275584,0.003107890284336485,0.0005273361073547809,0.003038214520275584,phase1_full_resolution_degree
PF_A_LOCAL_QUADRATIC,Fw,400.0,300.0,25.0,0.0008229373270250127,0.0009689563164823913,0.0004667491543759615,0.0007799539027750213,phase1_full_resolution_degree
PF_A_LOCAL_QUADRATIC,Fw,400.0,400.0,25.0,0.0006841376059211093,0.0008255595544683021,0.000499990780359416,0.0005508529856956892,phase1_full_resolution_degree
PF_A_LOCAL_QUADRATIC,Fw,400.0,600.0,35.0,0.0008398384815491228,0.0010253791507505463,0.0008375331024207668,7.364563929555118e-05,phase1_full_resolution_degree
PF_A_LOCAL_QUADRATIC,Fw,400.0,700.0,25.0,0.0004981273758686766,0.0006303154488843391,0.000495296331486464,8.786406849409234e-05,phase1_full_resolution_degree
PF_A_LOCAL_QUADRATIC,Fw,400.0,700.0,30.0,0.0014254693565404354,0.0017469211654497262,0.0010409566719486354,0.0012554093833777036,phase1_full_resolution_degree
PF_A_LOCAL_QUADRATIC,Fw,400.0,900.0,30.0,0.0006802027032102719,0.0008430060532955794,0.0005899122665157275,0.0004174131689615168,phase1_full_resolution_degree
PF_A_LOCAL_QUADRATIC,Fw,400.0,1000.0,25.0,0.0008769788698531622,0.001078748245745276,0.0007951452515026375,0.00047095131580526806,phase1_full_resolution_degree
PF_A_LOCAL_QUADRATIC,Fw,400.0,1400.0,25.0,0.0008133764455416756,0.0010189177188356907,0.0007320405250292213,0.00044747903530488464,phase1_full_resolution_degree
PF_A_LOCAL_QUADRATIC,Fw,400.0,1600.0,35.0,0.0017410785587764002,0.0018851279304659485,0.0006021655206630582,0.001732477694553522,phase1_full_resolution_degree
PF_A_LOCAL_QUADRATIC,Fw,500.0,300.0,35.0,0.0007281353628296136,0.000870473096858322,0.0004472562469567296,0.0006656740778038378,phase1_full_resolution_degree
PF_A_LOCAL_QUADRATIC,Fw,500.0,700.0,25.0,0.0007066621494100647,0.0008617751620238592,0.0005386777572687314,0.0005486968806752285,phase1_full_resolution_degree
PF_A_LOCAL_QUADRATIC,Fw,500.0,900.0,30.0,0.0005307727912641827,0.0006561565551624883,0.0005026251244102661,0.0002057845006906353,phase1_full_resolution_degree
PF_A_LOCAL_QUADRATIC,Fw,500.0,1200.0,25.0,0.0005800689167586187,0.000724447638230487,0.0005657526809557316,0.00014682438584637247,phase1_full_resolution_degree
PF_A_LOCAL_QUADRATIC,Fw,500.0,1400.0,35.0,0.0006461457184242945,0.0008022203942838834,0.0005932294126796664,0.00029097492435958827,phase1_full_resolution_degree
PF_A_LOCAL_QUADRATIC,Fw,500.0,1600.0,30.0,0.0007444423662479452,0.000910987649012803,0.0006143203487893607,0.0004872629729262973,phase1_full_resolution_degree
PF_A_LOCAL_QUADRATIC,Fw,500.0,1700.0,25.0,0.0014308690910260983,0.0016362290036482697,0.000695786297499498,0.0013823966590234549,phase1_full_resolution_degree
PF_A_LOCAL_QUADRATIC,Fw,600.0,100.0,30.0,0.0009290911346363825,0.0010482732481990422,0.00041147157400008873,0.0009080142776424494,phase1_full_resolution_degree
PF_A_LOCAL_QUADRATIC,Fw,600.0,100.0,35.0,0.0013042946670223194,0.001440997815207664,0.0005028053999477627,0.001298108734529374,phase1_full_resolution_degree
PF_A_LOCAL_QUADRATIC,Fw,600.0,200.0,35.0,0.0017693879400937531,0.0018503134831657447,0.0004325733213399977,0.0017693879400937501,phase1_full_resolution_degree
PF_A_LOCAL_QUADRATIC,Fw,600.0,500.0,30.0,0.0005756041484531009,0.0007108645786115245,0.0004303010044168687,0.00046840099855634254,phase1_full_resolution_degree
PF_A_LOCAL_QUADRATIC,Fw,600.0,500.0,35.0,0.0017333376539846485,0.0018188946786635801,0.0004371688601184138,0.0017333376539846457,phase1_full_resolution_degree
PF_A_LOCAL_QUADRATIC,Fw,600.0,700.0,35.0,0.0011270412464703013,0.0012563339772457636,0.0004718281887512865,0.0011101652300117074,phase1_full_resolution_degree
PF_A_LOCAL_QUADRATIC,Fw,600.0,1000.0,30.0,0.0006063785674758257,0.0007374265089937052,0.0005133927379492526,0.0003745869816113301,phase1_full_resolution_degree
PF_A_LOCAL_QUADRATIC,Fw,600.0,1300.0,30.0,0.0006743074535877026,0.0008225054578203668,0.0005710196359877196,0.0004048132639231511,phase1_full_resolution_degree
PF_A_LOCAL_QUADRATIC,Fw,600.0,1700.0,25.0,0.001991279634693594,0.002146641861661075,0.0006426984590555306,0.0019885532271129713,phase1_full_resolution_degree
PF_A_LOCAL_QUADRATIC,Fw,700.0,200.0,30.0,0.0009883524983111747,0.0011098697985654803,0.0004265212053713662,0.000973377106699716,phase1_full_resolution_degree
PF_A_LOCAL_QUADRATIC,Fw,700.0,700.0,35.0,0.0006153901957690897,0.0007652321449559166,0.0006153180677992492,2.573778706919938e-05,phase1_full_resolution_degree
PF_A_LOCAL_QUADRATIC,Fw,700.0,1000.0,25.0,0.0006067001068817128,0.0007530832808158988,0.0006012070838553802,0.00010172328640340594,phase1_full_resolution_degree
PF_A_LOCAL_QUADRATIC,Fw,700.0,1200.0,35.0,0.0011405710824418536,0.0013494936519464612,0.0007104525351275541,0.0010170593431111652,phase1_full_resolution_degree
PF_A_LOCAL_QUADRATIC,Fw,700.0,1400.0,30.0,0.0006324826839123031,0.0007794351420076751,0.0005777168273136935,0.0002903681978256162,phase1_full_resolution_degree
PF_A_LOCAL_QUADRATIC,Fw,700.0,1600.0,35.0,0.0010061961716409022,0.0012051381479811704,0.0006926527903811743,0.0008325836079465382,phase1_full_resolution_degree
PF_A_LOCAL_QUADRATIC,Fw,700.0,1800.0,30.0,0.0007017730314927029,0.0009028346447453783,0.0006527913977230977,0.00039144894691185705,phase1_full_resolution_degree
PF_A_LOCAL_QUADRATIC,Fw,800.0,0.0,35.0,0.0034874950111561318,0.0035741016011721946,0.0006282062783736252,0.0034874950111561318,phase1_full_resolution_degree
PF_A_LOCAL_QUADRATIC,Fw,800.0,100.0,35.0,0.0007161286429733358,0.0008661679825547359,0.000525728856248942,0.0005746297944697783,phase1_full_resolution_degree
PF_A_LOCAL_QUADRATIC,Fw,800.0,600.0,25.0,0.000571680520416418,0.0007168073542335243,0.0005406177138432987,0.000251695444721714,phase1_full_resolution_degree
PF_A_LOCAL_QUADRATIC,Fw,800.0,800.0,35.0,0.0006080823083019589,0.0007548015796346682,0.0005635271304727299,0.00026998755071576397,phase1_full_resolution_degree
PF_A_LOCAL_QUADRATIC,Fw,800.0,1200.0,30.0,0.0008005567765594283,0.0009827062990094525,0.0006220090758285825,0.0006070988480813555,phase1_full_resolution_degree
PF_A_LOCAL_QUADRATIC,Fw,800.0,1800.0,35.0,0.000809065926529908,0.0010105496404526236,0.0007780689799523374,0.0002648340932801946,phase1_full_resolution_degree
PF_A_LOCAL_QUADRATIC,Fw,900.0,0.0,30.0,0.0013152267749660211,0.0014650290654928623,0.0005306489033165968,0.0013046911106119677,phase1_full_resolution_degree
PF_A_LOCAL_QUADRATIC,Fw,900.0,100.0,35.0,0.0006816783094915115,0.0008335352381701002,0.0006586556558584396,0.00022294929456613544,phase1_full_resolution_degree
PF_A_LOCAL_QUADRATIC,Fw,900.0,700.0,25.0,0.0009712347046767302,0.0011568719794012292,0.0005749342568475355,0.000913414291247916,phase1_full_resolution_degree
PF_A_LOCAL_QUADRATIC,Fw,900.0,1500.0,35.0,0.0009188636363498704,0.001111891648837717,0.0007252415094128328,0.0006279289294945922,phase1_full_resolution_degree
PF_A_LOCAL_QUADRATIC,Fw,1000.0,600.0,30.0,0.0005603618570484972,0.0007072330488471579,0.0005098608804005661,0.00030260419149577555,phase1_full_resolution_degree
PF_A_LOCAL_QUADRATIC,Fw,1000.0,900.0,35.0,0.0007471583590666909,0.000936083572369607,0.0006864026491315008,0.0003802688603258553,phase1_full_resolution_degree
PF_A_LOCAL_QUADRATIC,Fw,1000.0,1400.0,35.0,0.0009409568223731754,0.001190995034382582,0.0009175569593578422,0.00028979778150671487,phase1_full_resolution_degree
PF_A_LOCAL_QUADRATIC,Fw,1000.0,1800.0,30.0,0.0009589396358088961,0.0012135532111428701,0.0008896985631037571,0.0004637783326403577,phase1_full_resolution_degree
PF_A_LOCAL_QUADRATIC,Fw,1100.0,300.0,25.0,0.0025904070912352653,0.003214227299073954,0.0024060339162431748,0.0011669068667694918,phase1_full_resolution_degree
PF_A_LOCAL_QUADRATIC,Fw,1100.0,500.0,30.0,0.0034579134940644247,0.004283864752727222,0.0034529529152963635,0.00023847215266665361,phase1_full_resolution_degree
PF_A_LOCAL_QUADRATIC,Fw,1100.0,800.0,30.0,0.003539362133384218,0.004346962611458168,0.003536574703166085,0.00011527361757677351,phase1_full_resolution_degree
PF_A_LOCAL_QUADRATIC,Fw,1100.0,1000.0,30.0,0.003909651527326785,0.004794681470236791,0.003903890231412213,0.0002258287179303306,phase1_full_resolution_degree
PF_A_LOCAL_QUADRATIC,Fw,1100.0,1200.0,30.0,0.0035258720702367134,0.004284191553662738,0.0034010068352663923,0.00124116848222261,phase1_full_resolution_degree
PF_A_LOCAL_QUADRATIC,Fw,1100.0,1400.0,35.0,0.003414603033857635,0.004197019851944662,0.0033970670435750907,0.0004194428910817838,phase1_full_resolution_degree
PF_A_LOCAL_QUADRATIC,Fw,1300.0,300.0,25.0,0.003145168339364717,0.0034477453279280344,0.0011827441866239293,0.0031415933904320424,phase1_full_resolution_degree
PF_A_LOCAL_QUADRATIC,Fw,1300.0,300.0,35.0,0.0015920111625803465,0.001904735161376798,0.0010351710156853236,0.0014325597079562907,phase1_full_resolution_degree
PF_A_LOCAL_QUADRATIC,Fw,1300.0,1100.0,35.0,0.0013048071626949596,0.0016147483013691751,0.0009991370639012291,0.001009941295999281,phase1_full_resolution_degree
PF_A_LOCAL_QUADRATIC,Fw,1400.0,300.0,25.0,0.0024347194137551167,0.0029472375495140876,0.00160046301573035,0.0022624061021479583,phase1_full_resolution_degree
PF_A_LOCAL_QUADRATIC,Fw,1400.0,600.0,25.0,0.0018746129274830907,0.0022868226934986825,0.0013474799879122324,0.001627397068709388,phase1_full_resolution_degree
PF_A_LOCAL_QUADRATIC,Fw,1400.0,800.0,25.0,0.0021487183088387597,0.0026466287065597355,0.0018645204188610103,0.0014950644285880305,phase1_full_resolution_degree
PF_A_LOCAL_QUADRATIC,Fw,1400.0,900.0,30.0,0.0015154092226322864,0.00184945846417437,0.0013529552814552136,0.0009111346432812278,phase1_full_resolution_degree
PF_A_LOCAL_QUADRATIC,Fw,1500.0,200.0,30.0,0.002079205353544658,0.0024363136365301665,0.0011503821791078092,0.00199829891728048,phase1_full_resolution_degree
PF_A_LOCAL_QUADRATIC,Fw,1500.0,300.0,25.0,0.0032219899546462594,0.003532737172867261,0.0012042691935110553,0.003205594902955952,phase1_full_resolution_degree
PF_A_LOCAL_QUADRATIC,Fw,1500.0,800.0,30.0,0.0014112732807912284,0.0017317459754852122,0.0013355092409540457,0.0006263812102733912,phase1_full_resolution_degree
PF_A_LOCAL_QUADRATIC,Fw,1500.0,1400.0,35.0,0.001890870503949328,0.002303786578585004,0.0014408762995147262,0.0015173380051362317,phase1_full_resolution_degree
PF_A_LOCAL_QUADRATIC,Fw,1600.0,0.0,25.0,0.003179792442405264,0.003928926848093056,0.0026475843393756714,0.0025170263469420154,phase1_full_resolution_degree
PF_A_LOCAL_QUADRATIC,Fw,1600.0,0.0,30.0,0.0022595083108267397,0.0026378720132495164,0.0022419417768074785,0.0003455416049882101,phase1_full_resolution_degree
PF_A_LOCAL_QUADRATIC,Fw,1600.0,600.0,35.0,0.005058745353535292,0.005667565334966388,0.005056189479760936,0.0002363112336540435,phase1_full_resolution_degree
PF_A_LOCAL_QUADRATIC,Fw,1600.0,1600.0,30.0,0.009351176961233169,0.010551003899336168,0.00931182033437027,0.0014447656730432745,phase1_full_resolution_degree
PF_A_LOCAL_QUADRATIC,Fw,1600.0,1700.0,35.0,0.00930401888749653,0.010459195214701443,0.009298737207365293,0.0004850075174995805,phase1_full_resolution_degree
PF_A_LOCAL_QUADRATIC,Fw,1700.0,200.0,30.0,0.002598823926171028,0.0032191757118532676,0.0024501065175261258,0.0011382149386027045,phase1_full_resolution_degree
PF_A_LOCAL_QUADRATIC,Fw,1700.0,400.0,30.0,0.0034876092050047285,0.004211589414424541,0.003393892831791555,0.0011203022227184306,phase1_full_resolution_degree
PF_A_LOCAL_QUADRATIC,Fw,1700.0,500.0,35.0,0.0036600179644986023,0.004461286153184346,0.0036178497380422578,0.0008176891675029246,phase1_full_resolution_degree
PF_A_LOCAL_QUADRATIC,Fw,1700.0,800.0,30.0,0.004069326919902493,0.005007002662571322,0.003923216435228912,0.0014097426862890242,phase1_full_resolution_degree
PF_A_LOCAL_QUADRATIC,Fw,1700.0,1200.0,25.0,0.001263219755564103,0.001559907332904002,0.001019484525027753,0.0008785273688779321,phase1_full_resolution_degree
PF_A_LOCAL_QUADRATIC,Fw,1700.0,1600.0,25.0,0.0031941128915317233,0.0035182483214007097,0.0012161359771482973,0.0031558253476679232,phase1_full_resolution_degree
PF_A_LOCAL_QUADRATIC,Fw,1700.0,1800.0,35.0,0.007732652024781179,0.009318386412471685,0.0074133636291852,0.0026646165843331876,phase1_full_resolution_degree
PF_A_LOCAL_QUADRATIC,Fw,1800.0,200.0,35.0,0.0024426369509315564,0.0028938271052339395,0.0024308409058217796,0.00034080973589286495,phase1_full_resolution_degree
PF_A_LOCAL_QUADRATIC,Fw,1800.0,600.0,30.0,0.002418008650049492,0.0029652522080844132,0.002417966633328821,5.469972443605808e-06,phase1_full_resolution_degree
PF_A_LOCAL_QUADRATIC,Fw,1800.0,700.0,30.0,0.0027172316243985373,0.0033503046094531903,0.0026609961136106093,0.0006505741795827455,phase1_full_resolution_degree
PF_A_LOCAL_QUADRATIC,Fw,1800.0,900.0,35.0,0.003273813795367982,0.0038898401493186745,0.0032591249307830886,0.000388998981806353,phase1_full_resolution_degree
accepted_periodic_mlp_harmonic_Fw,Fw,100.000000,100.000000,30.000000,0.000795,0.000974,0.000615,0.000611,cvp1.2_full_resolution_degree
accepted_periodic_mlp_harmonic_Fw,Fw,100.000000,100.000000,35.000000,0.001279,0.001420,0.000554,0.001233,cvp1.2_full_resolution_degree
accepted_periodic_mlp_harmonic_Fw,Fw,100.000000,300.000000,30.000000,0.000385,0.000480,0.000358,0.000175,cvp1.2_full_resolution_degree
accepted_periodic_mlp_harmonic_Fw,Fw,100.000000,400.000000,30.000000,0.000518,0.000631,0.000380,0.000419,cvp1.2_full_resolution_degree
accepted_periodic_mlp_harmonic_Fw,Fw,100.000000,500.000000,35.000000,0.000773,0.000900,0.000448,0.000701,cvp1.2_full_resolution_degree
accepted_periodic_mlp_harmonic_Fw,Fw,100.000000,600.000000,35.000000,0.000519,0.000635,0.000477,0.000225,cvp1.2_full_resolution_degree
accepted_periodic_mlp_harmonic_Fw,Fw,100.000000,900.000000,35.000000,0.000718,0.000858,0.000488,0.000596,cvp1.2_full_resolution_degree
accepted_periodic_mlp_harmonic_Fw,Fw,100.000000,1000.000000,30.000000,0.001441,0.001595,0.000572,0.001433,cvp1.2_full_resolution_degree
accepted_periodic_mlp_harmonic_Fw,Fw,100.000000,1100.000000,30.000000,0.001763,0.001879,0.000531,0.001762,cvp1.2_full_resolution_degree
accepted_periodic_mlp_harmonic_Fw,Fw,200.000000,100.000000,30.000000,0.001258,0.001458,0.000706,0.001164,cvp1.2_full_resolution_degree
accepted_periodic_mlp_harmonic_Fw,Fw,200.000000,200.000000,30.000000,0.000659,0.000817,0.000643,0.000196,cvp1.2_full_resolution_degree
accepted_periodic_mlp_harmonic_Fw,Fw,200.000000,300.000000,25.000000,0.000763,0.000892,0.000410,0.000728,cvp1.2_full_resolution_degree
accepted_periodic_mlp_harmonic_Fw,Fw,200.000000,900.000000,25.000000,0.000752,0.000936,0.000752,0.000006,cvp1.2_full_resolution_degree
accepted_periodic_mlp_harmonic_Fw,Fw,300.000000,100.000000,35.000000,0.001747,0.001892,0.000597,0.001741,cvp1.2_full_resolution_degree
accepted_periodic_mlp_harmonic_Fw,Fw,300.000000,200.000000,30.000000,0.000624,0.000803,0.000559,0.000415,cvp1.2_full_resolution_degree
accepted_periodic_mlp_harmonic_Fw,Fw,300.000000,800.000000,25.000000,0.000846,0.001004,0.000552,0.000743,cvp1.2_full_resolution_degree
accepted_periodic_mlp_harmonic_Fw,Fw,300.000000,1000.000000,25.000000,0.000638,0.000789,0.000546,0.000428,cvp1.2_full_resolution_degree
accepted_periodic_mlp_harmonic_Fw,Fw,400.000000,0.000000,30.000000,0.001742,0.001873,0.000556,0.001740,cvp1.2_full_resolution_degree
accepted_periodic_mlp_harmonic_Fw,Fw,400.000000,300.000000,25.000000,0.000539,0.000662,0.000452,0.000354,cvp1.2_full_resolution_degree
accepted_periodic_mlp_harmonic_Fw,Fw,400.000000,400.000000,25.000000,0.000523,0.000648,0.000484,0.000241,cvp1.2_full_resolution_degree
accepted_periodic_mlp_harmonic_Fw,Fw,400.000000,600.000000,35.000000,0.001058,0.001304,0.000825,0.000824,cvp1.2_full_resolution_degree
accepted_periodic_mlp_harmonic_Fw,Fw,400.000000,700.000000,25.000000,0.000561,0.000688,0.000560,0.000052,cvp1.2_full_resolution_degree
accepted_periodic_mlp_harmonic_Fw,Fw,400.000000,700.000000,30.000000,0.001625,0.001952,0.001031,0.001539,cvp1.2_full_resolution_degree
accepted_periodic_mlp_harmonic_Fw,Fw,400.000000,900.000000,30.000000,0.000573,0.000710,0.000571,0.000034,cvp1.2_full_resolution_degree
accepted_periodic_mlp_harmonic_Fw,Fw,400.000000,1000.000000,25.000000,0.000862,0.001056,0.000819,0.000296,cvp1.2_full_resolution_degree
accepted_periodic_mlp_harmonic_Fw,Fw,400.000000,1400.000000,25.000000,0.000745,0.000921,0.000717,0.000220,cvp1.2_full_resolution_degree
accepted_periodic_mlp_harmonic_Fw,Fw,400.000000,1600.000000,35.000000,0.002194,0.002287,0.000512,0.002194,cvp1.2_full_resolution_degree
accepted_periodic_mlp_harmonic_Fw,Fw,500.000000,300.000000,35.000000,0.001199,0.001297,0.000404,0.001194,cvp1.2_full_resolution_degree
accepted_periodic_mlp_harmonic_Fw,Fw,500.000000,700.000000,25.000000,0.000935,0.001105,0.000571,0.000847,cvp1.2_full_resolution_degree
accepted_periodic_mlp_harmonic_Fw,Fw,500.000000,900.000000,30.000000,0.000454,0.000567,0.000455,0.000033,cvp1.2_full_resolution_degree
accepted_periodic_mlp_harmonic_Fw,Fw,500.000000,1200.000000,25.000000,0.000905,0.001064,0.000549,0.000819,cvp1.2_full_resolution_degree
accepted_periodic_mlp_harmonic_Fw,Fw,500.000000,1400.000000,35.000000,0.000613,0.000769,0.000533,0.000367,cvp1.2_full_resolution_degree
accepted_periodic_mlp_harmonic_Fw,Fw,500.000000,1600.000000,30.000000,0.001039,0.001200,0.000533,0.000999,cvp1.2_full_resolution_degree
accepted_periodic_mlp_harmonic_Fw,Fw,500.000000,1700.000000,25.000000,0.000933,0.001122,0.000573,0.000849,cvp1.2_full_resolution_degree
accepted_periodic_mlp_harmonic_Fw,Fw,600.000000,100.000000,30.000000,0.000939,0.001161,0.000670,0.000840,cvp1.2_full_resolution_degree
accepted_periodic_mlp_harmonic_Fw,Fw,600.000000,100.000000,35.000000,0.001486,0.001683,0.000666,0.001467,cvp1.2_full_resolution_degree
accepted_periodic_mlp_harmonic_Fw,Fw,600.000000,200.000000,35.000000,0.000647,0.000808,0.000610,0.000288,cvp1.2_full_resolution_degree
accepted_periodic_mlp_harmonic_Fw,Fw,600.000000,500.000000,30.000000,0.000537,0.000645,0.000360,0.000462,cvp1.2_full_resolution_degree
accepted_periodic_mlp_harmonic_Fw,Fw,600.000000,500.000000,35.000000,0.000737,0.000862,0.000411,0.000692,cvp1.2_full_resolution_degree
accepted_periodic_mlp_harmonic_Fw,Fw,600.000000,700.000000,35.000000,0.001319,0.001442,0.000477,0.001315,cvp1.2_full_resolution_degree
accepted_periodic_mlp_harmonic_Fw,Fw,600.000000,1000.000000,30.000000,0.000465,0.000577,0.000464,0.000035,cvp1.2_full_resolution_degree
accepted_periodic_mlp_harmonic_Fw,Fw,600.000000,1300.000000,30.000000,0.000516,0.000638,0.000516,0.000020,cvp1.2_full_resolution_degree
accepted_periodic_mlp_harmonic_Fw,Fw,600.000000,1700.000000,25.000000,0.001437,0.001584,0.000542,0.001432,cvp1.2_full_resolution_degree
accepted_periodic_mlp_harmonic_Fw,Fw,700.000000,200.000000,30.000000,0.000640,0.000778,0.000629,0.000078,cvp1.2_full_resolution_degree
accepted_periodic_mlp_harmonic_Fw,Fw,700.000000,700.000000,35.000000,0.000724,0.000886,0.000607,0.000487,cvp1.2_full_resolution_degree
accepted_periodic_mlp_harmonic_Fw,Fw,700.000000,1000.000000,25.000000,0.000694,0.000827,0.000587,0.000374,cvp1.2_full_resolution_degree
accepted_periodic_mlp_harmonic_Fw,Fw,700.000000,1200.000000,35.000000,0.000783,0.000947,0.000620,0.000549,cvp1.2_full_resolution_degree
accepted_periodic_mlp_harmonic_Fw,Fw,700.000000,1400.000000,30.000000,0.000519,0.000654,0.000492,0.000201,cvp1.2_full_resolution_degree
accepted_periodic_mlp_harmonic_Fw,Fw,700.000000,1600.000000,35.000000,0.001439,0.001575,0.000529,0.001429,cvp1.2_full_resolution_degree
accepted_periodic_mlp_harmonic_Fw,Fw,700.000000,1800.000000,30.000000,0.000712,0.000899,0.000714,0.000062,cvp1.2_full_resolution_degree
accepted_periodic_mlp_harmonic_Fw,Fw,800.000000,0.000000,35.000000,0.002220,0.002380,0.000691,0.002219,cvp1.2_full_resolution_degree
accepted_periodic_mlp_harmonic_Fw,Fw,800.000000,100.000000,35.000000,0.001023,0.001221,0.000706,0.000859,cvp1.2_full_resolution_degree
accepted_periodic_mlp_harmonic_Fw,Fw,800.000000,600.000000,25.000000,0.000548,0.000683,0.000548,0.000010,cvp1.2_full_resolution_degree
accepted_periodic_mlp_harmonic_Fw,Fw,800.000000,800.000000,35.000000,0.000588,0.000730,0.000523,0.000333,cvp1.2_full_resolution_degree
accepted_periodic_mlp_harmonic_Fw,Fw,800.000000,1200.000000,30.000000,0.000524,0.000654,0.000523,0.000038,cvp1.2_full_resolution_degree
accepted_periodic_mlp_harmonic_Fw,Fw,800.000000,1800.000000,35.000000,0.000844,0.001035,0.000687,0.000544,cvp1.2_full_resolution_degree
accepted_periodic_mlp_harmonic_Fw,Fw,900.000000,0.000000,30.000000,0.001547,0.001698,0.000577,0.001536,cvp1.2_full_resolution_degree
accepted_periodic_mlp_harmonic_Fw,Fw,900.000000,100.000000,35.000000,0.000910,0.001117,0.000824,0.000464,cvp1.2_full_resolution_degree
accepted_periodic_mlp_harmonic_Fw,Fw,900.000000,700.000000,25.000000,0.000929,0.001123,0.000620,0.000819,cvp1.2_full_resolution_degree
accepted_periodic_mlp_harmonic_Fw,Fw,900.000000,1500.000000,35.000000,0.000792,0.000955,0.000546,0.000664,cvp1.2_full_resolution_degree
accepted_periodic_mlp_harmonic_Fw,Fw,1000.000000,600.000000,30.000000,0.000503,0.000627,0.000470,0.000212,cvp1.2_full_resolution_degree
accepted_periodic_mlp_harmonic_Fw,Fw,1000.000000,900.000000,35.000000,0.000832,0.001009,0.000595,0.000673,cvp1.2_full_resolution_degree
accepted_periodic_mlp_harmonic_Fw,Fw,1000.000000,1400.000000,35.000000,0.000855,0.001057,0.000729,0.000543,cvp1.2_full_resolution_degree
accepted_periodic_mlp_harmonic_Fw,Fw,1000.000000,1800.000000,30.000000,0.000903,0.001116,0.000870,0.000252,cvp1.2_full_resolution_degree
accepted_periodic_mlp_harmonic_Fw,Fw,1100.000000,300.000000,25.000000,0.002470,0.003097,0.002454,0.000316,cvp1.2_full_resolution_degree
accepted_periodic_mlp_harmonic_Fw,Fw,1100.000000,500.000000,30.000000,0.003470,0.004306,0.003462,0.000306,cvp1.2_full_resolution_degree
accepted_periodic_mlp_harmonic_Fw,Fw,1100.000000,800.000000,30.000000,0.003547,0.004356,0.003540,0.000232,cvp1.2_full_resolution_degree
accepted_periodic_mlp_harmonic_Fw,Fw,1100.000000,1000.000000,30.000000,0.003899,0.004784,0.003896,0.000201,cvp1.2_full_resolution_degree
accepted_periodic_mlp_harmonic_Fw,Fw,1100.000000,1200.000000,30.000000,0.003665,0.004468,0.003393,0.001783,cvp1.2_full_resolution_degree
accepted_periodic_mlp_harmonic_Fw,Fw,1100.000000,1400.000000,35.000000,0.003383,0.004113,0.003383,0.000028,cvp1.2_full_resolution_degree
accepted_periodic_mlp_harmonic_Fw,Fw,1300.000000,300.000000,25.000000,0.002158,0.002512,0.001169,0.002086,cvp1.2_full_resolution_degree
accepted_periodic_mlp_harmonic_Fw,Fw,1300.000000,300.000000,35.000000,0.000959,0.001156,0.000953,0.000124,cvp1.2_full_resolution_degree
accepted_periodic_mlp_harmonic_Fw,Fw,1300.000000,1100.000000,35.000000,0.000855,0.001081,0.000843,0.000212,cvp1.2_full_resolution_degree
accepted_periodic_mlp_harmonic_Fw,Fw,1400.000000,300.000000,25.000000,0.002042,0.002493,0.001609,0.001598,cvp1.2_full_resolution_degree
accepted_periodic_mlp_harmonic_Fw,Fw,1400.000000,600.000000,25.000000,0.001878,0.002291,0.001336,0.001658,cvp1.2_full_resolution_degree
accepted_periodic_mlp_harmonic_Fw,Fw,1400.000000,800.000000,25.000000,0.002117,0.002613,0.001880,0.001425,cvp1.2_full_resolution_degree
accepted_periodic_mlp_harmonic_Fw,Fw,1400.000000,900.000000,30.000000,0.001726,0.002097,0.001338,0.001378,cvp1.2_full_resolution_degree
accepted_periodic_mlp_harmonic_Fw,Fw,1500.000000,200.000000,30.000000,0.001253,0.001540,0.001134,0.000713,cvp1.2_full_resolution_degree
accepted_periodic_mlp_harmonic_Fw,Fw,1500.000000,300.000000,25.000000,0.001716,0.001966,0.000879,0.001638,cvp1.2_full_resolution_degree
accepted_periodic_mlp_harmonic_Fw,Fw,1500.000000,800.000000,30.000000,0.001574,0.001943,0.001351,0.001054,cvp1.2_full_resolution_degree
accepted_periodic_mlp_harmonic_Fw,Fw,1500.000000,1400.000000,35.000000,0.001545,0.001869,0.001405,0.000817,cvp1.2_full_resolution_degree
accepted_periodic_mlp_harmonic_Fw,Fw,1600.000000,0.000000,25.000000,0.002576,0.003164,0.002232,0.001743,cvp1.2_full_resolution_degree
accepted_periodic_mlp_harmonic_Fw,Fw,1600.000000,0.000000,30.000000,0.002750,0.003363,0.002067,0.002317,cvp1.2_full_resolution_degree
accepted_periodic_mlp_harmonic_Fw,Fw,1600.000000,600.000000,35.000000,0.005476,0.006162,0.005476,0.000170,cvp1.2_full_resolution_degree
accepted_periodic_mlp_harmonic_Fw,Fw,1600.000000,1600.000000,30.000000,0.009842,0.011160,0.009762,0.002033,cvp1.2_full_resolution_degree
accepted_periodic_mlp_harmonic_Fw,Fw,1600.000000,1700.000000,35.000000,0.010096,0.011385,0.010082,0.000903,cvp1.2_full_resolution_degree
accepted_periodic_mlp_harmonic_Fw,Fw,1700.000000,200.000000,30.000000,0.002454,0.003033,0.002450,0.000338,cvp1.2_full_resolution_degree
accepted_periodic_mlp_harmonic_Fw,Fw,1700.000000,400.000000,30.000000,0.003431,0.004133,0.003347,0.001095,cvp1.2_full_resolution_degree
accepted_periodic_mlp_harmonic_Fw,Fw,1700.000000,500.000000,35.000000,0.004045,0.004882,0.003930,0.001332,cvp1.2_full_resolution_degree
accepted_periodic_mlp_harmonic_Fw,Fw,1700.000000,800.000000,30.000000,0.004309,0.005318,0.003965,0.002230,cvp1.2_full_resolution_degree
accepted_periodic_mlp_harmonic_Fw,Fw,1700.000000,1200.000000,25.000000,0.001428,0.001758,0.001413,0.000247,cvp1.2_full_resolution_degree
accepted_periodic_mlp_harmonic_Fw,Fw,1700.000000,1600.000000,25.000000,0.003042,0.003478,0.001531,0.002903,cvp1.2_full_resolution_degree
accepted_periodic_mlp_harmonic_Fw,Fw,1700.000000,1800.000000,35.000000,0.008264,0.009919,0.007854,0.003429,cvp1.2_full_resolution_degree
accepted_periodic_mlp_harmonic_Fw,Fw,1800.000000,200.000000,35.000000,0.002133,0.002510,0.002133,0.000024,cvp1.2_full_resolution_degree
accepted_periodic_mlp_harmonic_Fw,Fw,1800.000000,600.000000,30.000000,0.002464,0.003018,0.002428,0.000577,cvp1.2_full_resolution_degree
accepted_periodic_mlp_harmonic_Fw,Fw,1800.000000,700.000000,30.000000,0.002459,0.003032,0.002456,0.000299,cvp1.2_full_resolution_degree
accepted_periodic_mlp_harmonic_Fw,Fw,1800.000000,900.000000,35.000000,0.002657,0.003181,0.002593,0.000774,cvp1.2_full_resolution_degree
accepted_periodic_gru_sequence_Fw,Fw,100.000000,100.000000,30.000000,0.000610,0.000761,0.000608,0.000028,cvp1.2_full_resolution_degree
accepted_periodic_gru_sequence_Fw,Fw,100.000000,100.000000,35.000000,0.001803,0.002306,0.001289,0.001649,cvp1.2_full_resolution_degree
accepted_periodic_gru_sequence_Fw,Fw,100.000000,300.000000,30.000000,0.000557,0.000693,0.000455,0.000398,cvp1.2_full_resolution_degree
accepted_periodic_gru_sequence_Fw,Fw,100.000000,400.000000,30.000000,0.000606,0.000744,0.000443,0.000496,cvp1.2_full_resolution_degree
accepted_periodic_gru_sequence_Fw,Fw,100.000000,500.000000,35.000000,0.000642,0.000790,0.000514,0.000468,cvp1.2_full_resolution_degree
accepted_periodic_gru_sequence_Fw,Fw,100.000000,600.000000,35.000000,0.000567,0.000698,0.000565,0.000063,cvp1.2_full_resolution_degree
accepted_periodic_gru_sequence_Fw,Fw,100.000000,900.000000,35.000000,0.000590,0.000737,0.000568,0.000192,cvp1.2_full_resolution_degree
accepted_periodic_gru_sequence_Fw,Fw,100.000000,1000.000000,30.000000,0.001080,0.001229,0.000505,0.001055,cvp1.2_full_resolution_degree
accepted_periodic_gru_sequence_Fw,Fw,100.000000,1100.000000,30.000000,0.001422,0.001546,0.000496,0.001417,cvp1.2_full_resolution_degree
accepted_periodic_gru_sequence_Fw,Fw,200.000000,100.000000,30.000000,0.000725,0.000912,0.000646,0.000410,cvp1.2_full_resolution_degree
accepted_periodic_gru_sequence_Fw,Fw,200.000000,200.000000,30.000000,0.000587,0.000727,0.000569,0.000189,cvp1.2_full_resolution_degree
accepted_periodic_gru_sequence_Fw,Fw,200.000000,300.000000,25.000000,0.000549,0.000682,0.000486,0.000319,cvp1.2_full_resolution_degree
accepted_periodic_gru_sequence_Fw,Fw,200.000000,900.000000,25.000000,0.000759,0.000956,0.000688,0.000409,cvp1.2_full_resolution_degree
accepted_periodic_gru_sequence_Fw,Fw,300.000000,100.000000,35.000000,0.001780,0.002172,0.001062,0.001713,cvp1.2_full_resolution_degree
accepted_periodic_gru_sequence_Fw,Fw,300.000000,200.000000,30.000000,0.000443,0.000551,0.000442,0.000020,cvp1.2_full_resolution_degree
accepted_periodic_gru_sequence_Fw,Fw,300.000000,800.000000,25.000000,0.000991,0.001144,0.000498,0.000957,cvp1.2_full_resolution_degree
accepted_periodic_gru_sequence_Fw,Fw,300.000000,1000.000000,25.000000,0.000488,0.000616,0.000465,0.000197,cvp1.2_full_resolution_degree
accepted_periodic_gru_sequence_Fw,Fw,400.000000,0.000000,30.000000,0.000594,0.000736,0.000594,0.000002,cvp1.2_full_resolution_degree
accepted_periodic_gru_sequence_Fw,Fw,400.000000,300.000000,25.000000,0.000506,0.000628,0.000506,0.000003,cvp1.2_full_resolution_degree
accepted_periodic_gru_sequence_Fw,Fw,400.000000,400.000000,25.000000,0.000533,0.000658,0.000527,0.000112,cvp1.2_full_resolution_degree
accepted_periodic_gru_sequence_Fw,Fw,400.000000,600.000000,35.000000,0.001087,0.001333,0.000867,0.000797,cvp1.2_full_resolution_degree
accepted_periodic_gru_sequence_Fw,Fw,400.000000,700.000000,25.000000,0.000539,0.000670,0.000534,0.000097,cvp1.2_full_resolution_degree
accepted_periodic_gru_sequence_Fw,Fw,400.000000,700.000000,30.000000,0.001588,0.001922,0.001052,0.001472,cvp1.2_full_resolution_degree
accepted_periodic_gru_sequence_Fw,Fw,400.000000,900.000000,30.000000,0.000605,0.000748,0.000601,0.000101,cvp1.2_full_resolution_degree
accepted_periodic_gru_sequence_Fw,Fw,400.000000,1000.000000,25.000000,0.000853,0.001053,0.000809,0.000341,cvp1.2_full_resolution_degree
accepted_periodic_gru_sequence_Fw,Fw,400.000000,1400.000000,25.000000,0.000792,0.000977,0.000740,0.000353,cvp1.2_full_resolution_degree
accepted_periodic_gru_sequence_Fw,Fw,400.000000,1600.000000,35.000000,0.000938,0.001117,0.000589,0.000846,cvp1.2_full_resolution_degree
accepted_periodic_gru_sequence_Fw,Fw,500.000000,300.000000,35.000000,0.000937,0.001088,0.000505,0.000890,cvp1.2_full_resolution_degree
accepted_periodic_gru_sequence_Fw,Fw,500.000000,700.000000,25.000000,0.000936,0.001115,0.000571,0.000862,cvp1.2_full_resolution_degree
accepted_periodic_gru_sequence_Fw,Fw,500.000000,900.000000,30.000000,0.000504,0.000629,0.000500,0.000083,cvp1.2_full_resolution_degree
accepted_periodic_gru_sequence_Fw,Fw,500.000000,1200.000000,25.000000,0.000596,0.000736,0.000593,0.000065,cvp1.2_full_resolution_degree
accepted_periodic_gru_sequence_Fw,Fw,500.000000,1400.000000,35.000000,0.000743,0.000919,0.000570,0.000582,cvp1.2_full_resolution_degree
accepted_periodic_gru_sequence_Fw,Fw,500.000000,1600.000000,30.000000,0.000651,0.000806,0.000590,0.000332,cvp1.2_full_resolution_degree
accepted_periodic_gru_sequence_Fw,Fw,500.000000,1700.000000,25.000000,0.000833,0.001029,0.000626,0.000666,cvp1.2_full_resolution_degree
accepted_periodic_gru_sequence_Fw,Fw,600.000000,100.000000,30.000000,0.000588,0.000728,0.000574,0.000151,cvp1.2_full_resolution_degree
accepted_periodic_gru_sequence_Fw,Fw,600.000000,100.000000,35.000000,0.001374,0.001676,0.000859,0.001273,cvp1.2_full_resolution_degree
accepted_periodic_gru_sequence_Fw,Fw,600.000000,200.000000,35.000000,0.000510,0.000632,0.000502,0.000104,cvp1.2_full_resolution_degree
accepted_periodic_gru_sequence_Fw,Fw,600.000000,500.000000,30.000000,0.000533,0.000657,0.000436,0.000372,cvp1.2_full_resolution_degree
accepted_periodic_gru_sequence_Fw,Fw,600.000000,500.000000,35.000000,0.000982,0.001144,0.000522,0.000947,cvp1.2_full_resolution_degree
accepted_periodic_gru_sequence_Fw,Fw,600.000000,700.000000,35.000000,0.000985,0.001139,0.000504,0.000951,cvp1.2_full_resolution_degree
accepted_periodic_gru_sequence_Fw,Fw,600.000000,1000.000000,30.000000,0.000469,0.000587,0.000467,0.000055,cvp1.2_full_resolution_degree
accepted_periodic_gru_sequence_Fw,Fw,600.000000,1300.000000,30.000000,0.000506,0.000636,0.000506,0.000002,cvp1.2_full_resolution_degree
accepted_periodic_gru_sequence_Fw,Fw,600.000000,1700.000000,25.000000,0.001249,0.001423,0.000583,0.001221,cvp1.2_full_resolution_degree
accepted_periodic_gru_sequence_Fw,Fw,700.000000,200.000000,30.000000,0.000548,0.000681,0.000488,0.000317,cvp1.2_full_resolution_degree
accepted_periodic_gru_sequence_Fw,Fw,700.000000,700.000000,35.000000,0.000631,0.000776,0.000631,0.000016,cvp1.2_full_resolution_degree
accepted_periodic_gru_sequence_Fw,Fw,700.000000,1000.000000,25.000000,0.000631,0.000791,0.000621,0.000151,cvp1.2_full_resolution_degree
accepted_periodic_gru_sequence_Fw,Fw,700.000000,1200.000000,35.000000,0.000634,0.000784,0.000633,0.000010,cvp1.2_full_resolution_degree
accepted_periodic_gru_sequence_Fw,Fw,700.000000,1400.000000,30.000000,0.000518,0.000650,0.000517,0.000033,cvp1.2_full_resolution_degree
accepted_periodic_gru_sequence_Fw,Fw,700.000000,1600.000000,35.000000,0.000565,0.000702,0.000565,0.000026,cvp1.2_full_resolution_degree
accepted_periodic_gru_sequence_Fw,Fw,700.000000,1800.000000,30.000000,0.000739,0.000933,0.000619,0.000517,cvp1.2_full_resolution_degree
accepted_periodic_gru_sequence_Fw,Fw,800.000000,0.000000,35.000000,0.001017,0.001202,0.000712,0.000808,cvp1.2_full_resolution_degree
accepted_periodic_gru_sequence_Fw,Fw,800.000000,100.000000,35.000000,0.001030,0.001296,0.000789,0.000847,cvp1.2_full_resolution_degree
accepted_periodic_gru_sequence_Fw,Fw,800.000000,600.000000,25.000000,0.000628,0.000782,0.000589,0.000270,cvp1.2_full_resolution_degree
accepted_periodic_gru_sequence_Fw,Fw,800.000000,800.000000,35.000000,0.000592,0.000733,0.000537,0.000301,cvp1.2_full_resolution_degree
accepted_periodic_gru_sequence_Fw,Fw,800.000000,1200.000000,30.000000,0.000542,0.000681,0.000536,0.000117,cvp1.2_full_resolution_degree
accepted_periodic_gru_sequence_Fw,Fw,800.000000,1800.000000,35.000000,0.000820,0.001035,0.000668,0.000603,cvp1.2_full_resolution_degree
accepted_periodic_gru_sequence_Fw,Fw,900.000000,0.000000,30.000000,0.000594,0.000740,0.000592,0.000070,cvp1.2_full_resolution_degree
accepted_periodic_gru_sequence_Fw,Fw,900.000000,100.000000,35.000000,0.000953,0.001175,0.000817,0.000597,cvp1.2_full_resolution_degree
accepted_periodic_gru_sequence_Fw,Fw,900.000000,700.000000,25.000000,0.001174,0.001370,0.000624,0.001129,cvp1.2_full_resolution_degree
accepted_periodic_gru_sequence_Fw,Fw,900.000000,1500.000000,35.000000,0.000694,0.000853,0.000536,0.000526,cvp1.2_full_resolution_degree
accepted_periodic_gru_sequence_Fw,Fw,1000.000000,600.000000,30.000000,0.000482,0.000604,0.000476,0.000091,cvp1.2_full_resolution_degree
accepted_periodic_gru_sequence_Fw,Fw,1000.000000,900.000000,35.000000,0.001382,0.001526,0.000542,0.001365,cvp1.2_full_resolution_degree
accepted_periodic_gru_sequence_Fw,Fw,1000.000000,1400.000000,35.000000,0.001443,0.001651,0.000688,0.001409,cvp1.2_full_resolution_degree
accepted_periodic_gru_sequence_Fw,Fw,1000.000000,1800.000000,30.000000,0.000882,0.001097,0.000881,0.000062,cvp1.2_full_resolution_degree
accepted_periodic_gru_sequence_Fw,Fw,1100.000000,300.000000,25.000000,0.002567,0.003188,0.002343,0.001307,cvp1.2_full_resolution_degree
accepted_periodic_gru_sequence_Fw,Fw,1100.000000,500.000000,30.000000,0.003360,0.004156,0.003359,0.000146,cvp1.2_full_resolution_degree
accepted_periodic_gru_sequence_Fw,Fw,1100.000000,800.000000,30.000000,0.003433,0.004202,0.003434,0.000038,cvp1.2_full_resolution_degree
accepted_periodic_gru_sequence_Fw,Fw,1100.000000,1000.000000,30.000000,0.003781,0.004624,0.003779,0.000179,cvp1.2_full_resolution_degree
accepted_periodic_gru_sequence_Fw,Fw,1100.000000,1200.000000,30.000000,0.003479,0.004231,0.003276,0.001518,cvp1.2_full_resolution_degree
accepted_periodic_gru_sequence_Fw,Fw,1100.000000,1400.000000,35.000000,0.003306,0.004030,0.003265,0.000667,cvp1.2_full_resolution_degree
accepted_periodic_gru_sequence_Fw,Fw,1300.000000,300.000000,25.000000,0.003241,0.003534,0.001184,0.003238,cvp1.2_full_resolution_degree
accepted_periodic_gru_sequence_Fw,Fw,1300.000000,300.000000,35.000000,0.001143,0.001408,0.000994,0.000722,cvp1.2_full_resolution_degree
accepted_periodic_gru_sequence_Fw,Fw,1300.000000,1100.000000,35.000000,0.000855,0.001077,0.000855,0.000113,cvp1.2_full_resolution_degree
accepted_periodic_gru_sequence_Fw,Fw,1400.000000,300.000000,25.000000,0.002860,0.003368,0.001612,0.002772,cvp1.2_full_resolution_degree
accepted_periodic_gru_sequence_Fw,Fw,1400.000000,600.000000,25.000000,0.002493,0.002933,0.001380,0.002422,cvp1.2_full_resolution_degree
accepted_periodic_gru_sequence_Fw,Fw,1400.000000,800.000000,25.000000,0.002427,0.003016,0.001888,0.002046,cvp1.2_full_resolution_degree
accepted_periodic_gru_sequence_Fw,Fw,1400.000000,900.000000,30.000000,0.001497,0.001821,0.001323,0.000937,cvp1.2_full_resolution_degree
accepted_periodic_gru_sequence_Fw,Fw,1500.000000,200.000000,30.000000,0.001199,0.001475,0.001113,0.000611,cvp1.2_full_resolution_degree
accepted_periodic_gru_sequence_Fw,Fw,1500.000000,300.000000,25.000000,0.002795,0.003017,0.000933,0.002792,cvp1.2_full_resolution_degree
accepted_periodic_gru_sequence_Fw,Fw,1500.000000,800.000000,30.000000,0.001358,0.001656,0.001324,0.000427,cvp1.2_full_resolution_degree
accepted_periodic_gru_sequence_Fw,Fw,1500.000000,1400.000000,35.000000,0.001842,0.002256,0.001425,0.001477,cvp1.2_full_resolution_degree
accepted_periodic_gru_sequence_Fw,Fw,1600.000000,0.000000,25.000000,0.002287,0.002641,0.002275,0.000370,cvp1.2_full_resolution_degree
accepted_periodic_gru_sequence_Fw,Fw,1600.000000,0.000000,30.000000,0.002384,0.002898,0.002082,0.001557,cvp1.2_full_resolution_degree
accepted_periodic_gru_sequence_Fw,Fw,1600.000000,600.000000,35.000000,0.005203,0.005853,0.005189,0.000524,cvp1.2_full_resolution_degree
accepted_periodic_gru_sequence_Fw,Fw,1600.000000,1600.000000,30.000000,0.009535,0.010744,0.009525,0.000767,cvp1.2_full_resolution_degree
accepted_periodic_gru_sequence_Fw,Fw,1600.000000,1700.000000,35.000000,0.009664,0.010870,0.009664,0.000083,cvp1.2_full_resolution_degree
accepted_periodic_gru_sequence_Fw,Fw,1700.000000,200.000000,30.000000,0.002412,0.002960,0.002402,0.000248,cvp1.2_full_resolution_degree
accepted_periodic_gru_sequence_Fw,Fw,1700.000000,400.000000,30.000000,0.003244,0.003889,0.003244,0.000124,cvp1.2_full_resolution_degree
accepted_periodic_gru_sequence_Fw,Fw,1700.000000,500.000000,35.000000,0.003756,0.004528,0.003756,0.000208,cvp1.2_full_resolution_degree
accepted_periodic_gru_sequence_Fw,Fw,1700.000000,800.000000,30.000000,0.003961,0.004815,0.003896,0.000907,cvp1.2_full_resolution_degree
accepted_periodic_gru_sequence_Fw,Fw,1700.000000,1200.000000,25.000000,0.000838,0.001045,0.000831,0.000103,cvp1.2_full_resolution_degree
accepted_periodic_gru_sequence_Fw,Fw,1700.000000,1600.000000,25.000000,0.002505,0.002758,0.000976,0.002474,cvp1.2_full_resolution_degree
accepted_periodic_gru_sequence_Fw,Fw,1700.000000,1800.000000,35.000000,0.007438,0.008902,0.007280,0.001882,cvp1.2_full_resolution_degree
accepted_periodic_gru_sequence_Fw,Fw,1800.000000,200.000000,35.000000,0.002410,0.002883,0.002342,0.000731,cvp1.2_full_resolution_degree
accepted_periodic_gru_sequence_Fw,Fw,1800.000000,600.000000,30.000000,0.002631,0.003216,0.002432,0.001222,cvp1.2_full_resolution_degree
accepted_periodic_gru_sequence_Fw,Fw,1800.000000,700.000000,30.000000,0.002746,0.003349,0.002462,0.001420,cvp1.2_full_resolution_degree
accepted_periodic_gru_sequence_Fw,Fw,1800.000000,900.000000,35.000000,0.003200,0.003811,0.003121,0.000990,cvp1.2_full_resolution_degree
