;rpm;deg;tor;prev_fft_y_Fw_filtered_ampl_0;prev_fft_y_Fw_filtered_ampl_1;prev_fft_y_Fw_filtered_ampl_3;prev_fft_y_Fw_filtered_ampl_39;prev_fft_y_Fw_filtered_ampl_40;prev_fft_y_Fw_filtered_ampl_78;prev_fft_y_Fw_filtered_ampl_81;prev_fft_y_Fw_filtered_ampl_156;prev_fft_y_Fw_filtered_ampl_162;prev_fft_y_Fw_filtered_ampl_240;prev_fft_y_Fw_filtered_phase_0;prev_fft_y_Fw_filtered_phase_1;prev_fft_y_Fw_filtered_phase_3;prev_fft_y_Fw_filtered_phase_39;prev_fft_y_Fw_filtered_phase_40;prev_fft_y_Fw_filtered_phase_78;prev_fft_y_Fw_filtered_phase_81;prev_fft_y_Fw_filtered_phase_156;prev_fft_y_Fw_filtered_phase_162;prev_fft_y_Fw_filtered_phase_240
0;1700,0;30,0;900,0;-0,05471932888031006;0,017164122313261032;0,0007570889429189265;0,0010573746403679252;0,0008190480293706059;0,0010064210509881377;0,00031059750472195446;0,0046224589459598064;0,001856741844676435;0,0005358416237868369;0,0;-0,010478893294930458;1,8378933668136597;-1,2082871198654175;0,175637885928154;0,05816345289349556;-1,1341936588287354;-2,6142802238464355;-2,4673383235931396;-0,9413855075836182
1;800,0;25,0;1800,0;-0,08939708769321442;0,017164122313261032;0,0009238830534741282;0,0014555822126567364;0,0008190480293706059;0,0018076015403494239;0,00031059750472195446;0,0001409475225955248;0,00013010145630687475;0,0006220325012691319;0,0;-0,016065968200564384;1,9873462915420532;-0,8775481581687927;0,029316194355487823;-0,09937445819377899;-1,8588899374008179;-1,6120535135269165;1,8998349905014038;-1,0018198490142822
2;1100,0;25,0;1200,0;-0,06555937230587006;0,017164122313261032;0,0008640573942102492;0,0012400915147736669;0,0008190480293706059;0,0012046683114022017;0,00031059750472195446;0,00023453593894373626;0,00015162369527388364;0,0019501144997775555;0,0;-0,013355896808207035;1,8663157224655151;-1,1053050756454468;0,16647981107234955;-0,03538045659661293;-1,7925865650177002;0,7586904764175415;1,8746503591537476;-2,757516622543335
3;300,0;30,0;1000,0;-0,06330452859401703;0,017164122313261032;0,0008020487148314714;0,0011370439315214753;0,0008190480293706059;0,0010084275854751468;0,00031059750472195446;0,00020424371177796274;0,0002531129284761846;0,00045862674596719444;0,0;-0,013679826632142067;1,8500540256500244;-1,1191521883010864;0,047091834247112274;-0,5259831547737122;-1,6559773683547974;2,5440480709075928;2,1389567852020264;-1,6760897636413574
4;100,0;35,0;1200,0;-0,06842529028654099;0,017164122313261032;0,0008640573942102492;0,0012400915147736669;0,0008190480293706059;0,0012046683114022017;0,00031059750472195446;0,00022476603044196963;0,00040080409962683916;0,0004832357226405293;0,0;-0,018056564033031464;1,9108558893203735;-1,0236985683441162;-0,06925768405199051;-0,7269347310066223;-1,9475526809692383;-2,263239622116089;2,542921304702759;-1,2388120889663696
5;900,0;30,0;1600,0;-0,08256714791059494;0,017164122313261032;0,0009238830534741282;0,0014555822126567364;0,0008190480293706059;0,0017308921087533236;0,00031059750472195446;0,00022476603044196963;0,0004321387386880815;0,0006220325012691319;0,0;-0,015858827158808708;1,9791057109832764;-0,9976404905319214;0,08476563543081284;-0,24592342972755432;-2,032433032989502;2,1434972286224365;2,1593263149261475;-1,2707223892211914
6;500,0;30,0;400,0;-0,04156786948442459;0,017164122313261032;0,0007310533546842635;0,0008912793127819896;0,0008190480293706059;0,00043782597640529275;0,00031059750472195446;0,0001031889914884232;3,342379204696044e-05;0,00031474855495616794;0,0;-0,009014341980218887;1,6441925764083862;-1,3766971826553345;0,2508273720741272;-0,42617034912109375;-1,1750855445861816;1,5383309125900269;2,5035934448242188;-1,1147946119308472
7;400,0;35,0;500,0;-0,04273531958460808;0,017164122313261032;0,0007310533546842635;0,0008912793127819896;0,0008190480293706059;0,0005163432215340436;0,00031059750472195446;0,0001031889914884232;6,549458339577541e-05;0,00031474855495616794;0,0;-0,012591254897415638;1,7411143779754639;-1,3242655992507935;0,22221767902374268;-0,7321568131446838;-1,408507227897644;1,284812569618225;3,10272216796875;-2,3707101345062256
8;1700,0;35,0;1600,0;-0,07719583809375763;0,017164122313261032;0,0009238830534741282;0,0014335433952510357;0,0008190480293706059;0,0018465158063918352;0,00031059750472195446;0,004852795507758856;0,0022313082590699196;0,0006856044055894017;0,0;-0,014933327212929726;2,0471370220184326;-0,9564769864082336;0,09811246395111084;0,07584042102098465;-1,365742802619934;-2,596614122390747;-2,231137275695801;-0,40504297614097595
9;1500,0;25,0;1300,0;-0,06951063126325607;0,017164122313261032;0,0009001974831335247;0,0013086252147331834;0,0008190480293706059;0,0014552330831065774;0,00031059750472195446;0,0005899532698094845;0,0006618807092308998;0,0006425717147067189;0,0;-0,014149426482617855;1,987591028213501;-1,0825634002685547;0,18964654207229614;0,21002545952796936;-1,150333046913147;-2,0254054069519043;1,3723009824752808;-0,6972306370735168
10;1400,0;35,0;300,0;-0,03202509880065918;0,017164122313261032;0,0007310533546842635;0,0008692404953762889;0,0008190480293706059;0,0004550293378997594;0,00031059750472195446;0,00019255562801845372;0,00020890164887532592;0,00039171462412923574;0,0;-0,005813260562717915;1,678025245666504;-1,5022509098052979;0,017866041511297226;0,11989735066890717;-1,096254825592041;-0,2417079210281372;1,7014598846435547;-1,0387314558029175
11;1100,0;25,0;500,0;-0,03870578110218048;0,017164122313261032;0,0007310533546842635;0,0008912793127819896;0,0008190480293706059;0,0005163432215340436;0,00031059750472195446;0,00019999816140625626;0,000169774706591852;0,0018388803582638502;0,0;-0,0074193659238517284;1,6746255159378052;-1,4487395286560059;0,14214962720870972;0,03178439289331436;-1,3969649076461792;0,4257715940475464;2,571269989013672;-2,4158239364624023
12;200,0;25,0;1600,0;-0,08316300064325333;0,017164122313261032;0,0009238830534741282;0,0014555822126567364;0,0008190480293706059;0,0017308921087533236;0,00031059750472195446;0,0001409475225955248;0,00013010145630687475;0,0006220325012691319;0,0;-0,017296042293310165;1,8983913660049438;-0,8771635293960571;0,1761617660522461;-0,3404555320739746;-1,7062729597091675;-0,4423016309738159;2,5104010105133057;-1,3344738483428955
13;600,0;25,0;600,0;-0,04400273784995079;0,017164122313261032;0,0007310533546842635;0,0009150550467893481;0,0008190480293706059;0,0006237520137801766;0,00031059750472195446;0,00011063152487622574;0,00016479378973599523;0,00031474855495616794;0,0;-0,010672418400645256;1,6420623064041138;-1,4021046161651611;0,2976345419883728;-0,09206735342741013;-1,4178178310394287;1,2353448867797852;2,431321144104004;-1,5690758228302002
14;200,0;30,0;800,0;-0,056085795164108276;0,017164122313261032;0,0007310533546842635;0,0010291672078892589;0,0008190480293706059;0,0008303673821501434;0,00031059750472195446;0,0001031889914884232;0,00012852322834078223;0,0003454021061770618;0,0;-0,011344852857291698;1,7249376773834229;-1,1757971048355103;0,13441021740436554;-0,32463788986206055;-1,572045087814331;0,6992161870002747;3,0660157203674316;-1,8148832321166992
15;100,0;25,0;500,0;-0,042593326419591904;0,017164122313261032;0,0007310533546842635;0,0008912793127819896;0,0008190480293706059;0,0005163432215340436;0,00031059750472195446;0,00011063152487622574;0,00014553430082742125;0,00031474855495616794;0,0;-0,011310561560094357;1,6089948415756226;-1,3466072082519531;0,20283804833889008;-0,8777984380722046;-1,4852216243743896;0,4544087052345276;0,9974510669708252;-1,7213466167449951
16;500,0;35,0;300,0;-0,03582118824124336;0,017164122313261032;0,0007310533546842635;0,0008912793127819896;0,0008190480293706059;0,0003714109770953655;0,00031059750472195446;0,0001031889914884232;-3,88329935958609e-05;0,00031474855495616794;0,0;-0,00994816329330206;1,6917873620986938;-1,4423820972442627;0,1636791229248047;-0,6160675287246704;-1,1960605382919312;1,220744252204895;2,1943275928497314;3,0187551975250244
17;600,0;35,0;400,0;-0,03790268674492836;0,017164122313261032;0,0007310533546842635;0,0008912793127819896;0,0008190480293706059;0,00043782597640529275;0,00031059750472195446;0,0001031889914884232;3,342379204696044e-05;0,00031474855495616794;0,0;-0,009951830841600895;1,6884139776229858;-1,3629541397094727;0,2553548514842987;-0,5584906935691833;-1,1898329257965088;2,056699752807617;1,640385627746582;-1,6200854778289795
18;1500,0;30,0;0,0;-0,025457313284277916;0,017164122313261032;0,0007310533546842635;0,0008692404953762889;0,0008190480293706059;0,00048703461652621627;0,00031059750472195446;0,0004434351867530495;0,000517586013302207;0,00039171462412923574;0,0;-0,0030184127390384674;1,5999096632003784;-1,6825412511825562;0,010361209511756897;1,166946291923523;-0,36453765630722046;-0,0410543791949749;3,012972593307495;-2,285191059112549
19;600,0;25,0;1000,0;-0,058775220066308975;0,017164122313261032;0,0008020487148314714;0,0011370439315214753;0,0008190480293706059;0,0010084275854751468;0,00031059750472195446;0,00012042522575939074;9,384311124449596e-05;0,00045862674596719444;0,0;-0,01478792354464531;1,765792965888977;-1,205618977546692;0,2631256580352783;0,009473123587667942;-1,5499351024627686;2,201450824737549;2,0119833946228027;-1,3500138521194458
20;1300,0;35,0;1400,0;-0,07262067496776581;0,017164122313261032;0,0009238830534741282;0,0013527963310480118;0,0008190480293706059;0,0015362402191385627;0,00031059750472195446;0,0003183544031344354;0,0005132818478159606;0,0006856044055894017;0,0;-0,014507339335978031;1,965649962425232;-1,018753170967102;0,09085112065076828;-0,07373881340026855;-1,7354182004928589;-0,33920952677726746;1,9341517686843872;-1,0753834247589111
21;400,0;25,0;500,0;-0,03911984711885452;0,017164122313261032;0,0007310533546842635;0,0008912793127819896;0,0008190480293706059;0,0005163432215340436;0,00031059750472195446;0,00011063152487622574;0,00014553430082742125;0,00031474855495616794;0,0;-0,00940670445561409;1,6520788669586182;-1,4148679971694946;0,24345353245735168;-0,3687703609466553;-1,4369984865188599;1,30413019657135;3,149512529373169;-2,6018807888031006
22;1100,0;25,0;800,0;-0,05109198018908501;0,017164122313261032;0,0007310533546842635;0,0010291672078892589;0,0008190480293706059;0,0008303673821501434;0,00031059750472195446;0,00019999816140625626;0,000189034195500426;0,001869533909484744;0,0;-0,009423701092600822;1,763568639755249;-1,2997583150863647;0,23979808390140533;-0,06998220086097717;-1,5845234394073486;1,1524145603179932;2,1158738136291504;-2,32886004447937
23;400,0;25,0;1400,0;-0,07239455729722977;0,017164122313261032;0,0009238830534741282;0,0013748351484537125;0,0008190480293706059;0,0014997652033343911;0,00031059750472195446;0,0001409475225955248;9,876679541775957e-05;0,0006220325012691319;0,0;-0,015962818637490273;1,8813129663467407;-0,972171425819397;0,08986781537532806;-0,03977799415588379;-1,6682497262954712;-1,114281415939331;2,293529748916626;-1,2312909364700317
24;700,0;25,0;1100,0;-0,06344688683748245;0,017164122313261032;0,0008020487148314714;0,0011943456484004855;0,0008190480293706059;0,001130298594944179;0,00031059750472195446;0,0001409475225955248;9,384311124449596e-05;0,00045862674596719444;0,0;-0,01369815319776535;1,796502947807312;-1,1596893072128296;0,2261621654033661;-0,0946192815899849;-1,6439992189407349;4,185064315795898;1,926743984222412;-1,4062085151672363
25;1700,0;25,0;800,0;-0,051210667937994;0,017164122313261032;0,0007310533546842635;0,0010071283904835582;0,0008190480293706059;0,000945991079788655;0,00031059750472195446;0,0017438203794881701;0,000420989963458851;0,0004223681753501296;0,0;-0,014982552267611027;1,835208773612976;-1,2485679388046265;0,2857080101966858;0,5314375758171082;-0,6908933520317078;1,8215097188949585;-1,285447359085083;-1,4545153379440308
26;1800,0;25,0;1100,0;-0,059342462569475174;0,017164122313261032;0,0008020487148314714;0,0011723068309947848;0,0008190480293706059;0,0012459224089980125;0,00031059750472195446;0,0017431047745049;0,0002497928508091718;0,0005358416237868369;0,0;-0,013166488148272038;1,9866312742233276;-1,173765778541565;0,14789274334907532;0,4028979539871216;-0,9123676419258118;1,6471736431121826;-0,19114263355731964;0,2584616243839264
27;1700,0;35,0;100,0;-0,024847429245710373;0,017164122313261032;0,0007310533546842635;0,0008692404953762889;0,0008190480293706059;0,00048703461652621627;0,00031059750472195446;0,0044386740773916245;0,0014543711440637708;0,00039171462412923574;0,0;-0,0008821701048873365;1,6386548280715942;-1,7229548692703247;-0,13572898507118225;0,28855112195014954;-0,7964379191398621;-1,481247901916504;-2,090625762939453;1,0149521827697754
28;600,0;25,0;700,0;-0,0482223816215992;0,017164122313261032;0,0007310533546842635;0,0009567118831910193;0,0008190480293706059;0,000674526032526046;0,00031059750472195446;0,00011063152487622574;0,00016479378973599523;0,0003454021061770618;0,0;-0,011597094126045704;1,680890440940857;-1,3501797914505005;0,3101946711540222;-0,001320457668043673;-1,4222867488861084;1,6461355686187744;2,2375876903533936;-1,419185757637024
29;1300,0;25,0;1600,0;-0,07764030992984772;0,017164122313261032;0,0009238830534741282;0,0014335433952510357;0,0008190480293706059;0,0017673671245574951;0,00031059750472195446;0,00023453593894373626;0,00027851786580868065;0,0006856044055894017;0,0;-0,017634792253375053;2,0504143238067627;-0,9506387114524841;0,07897147536277771;0,08302436769008636;-1,5539963245391846;-0,030151348561048508;0,508745551109314;-0,7534676790237427
30;500,0;30,0;100,0;-0,028135577216744423;0,017164122313261032;0,0007310533546842635;0,0008912793127819896;0,0008190480293706059;0,0003714109770953655;0,00031059750472195446;0,0001031889914884232;-3,88329935958609e-05;0,00031474855495616794;0,0;-0,0031309074256569147;1,71748948097229;-1,5835016965866089;0,15160329639911652;-0,17796361446380615;-0,8746296763420105;1,1710258722305298;1,958531141281128;3,018669843673706
31;500,0;25,0;1000,0;-0,05860961601138115;0,017164122313261032;0,0008020487148314714;0,0011370439315214753;0,0008190480293706059;0,0010084275854751468;0,00031059750472195446;0,00012042522575939074;9,384311124449596e-05;0,00045862674596719444;0,0;-0,01497605536133051;1,7892309427261353;-1,1915076971054077;0,228329598903656;-0,13454221189022064;-1,606458306312561;3,8758163452148438;1,9734598398208618;-1,2454140186309814
32;300,0;35,0;1400,0;-0,07665915042161942;0,017164122313261032;0,0009238830534741282;0,0013748351484537125;0,0008190480293706059;0,0014997652033343911;0,00031059750472195446;0,00022476603044196963;0,00040080409962683916;0,0006220325012691319;0,0;-0,01614917814731598;1,8879975080490112;-0,9500168561935425;-0,047906771302223206;-0,5200076699256897;-1,8685270547866821;-3,1755220890045166;2,984678268432617;-1,4721660614013672
33;1300,0;35,0;600,0;-0,042713455855846405;0,017164122313261032;0,0007310533546842635;0,0008930162293836474;0,0008190480293706059;0,0006602269713766873;0,00031059750472195446;0,00019255562801845372;0,00021238451881799847;0,00039171462412923574;0,0;-0,010150494053959846;1,7478477954864502;-1,3373430967330933;0,1661275327205658;-0,031003441661596298;-1,2403234243392944;0,31725528836250305;1,6929985284805298;-0,782291054725647
34;900,0;35,0;1800,0;-0,08773566037416458;0,017164122313261032;0,0009238830534741282;0,0014555822126567364;0,0008190480293706059;0,0018076015403494239;0,00031059750472195446;0,00022476603044196963;0,0004321387386880815;0,0006220325012691319;0,0;-0,01581323705613613;2,004816770553589;-0,9621766805648804;0,01301522832363844;-0,15451154112815857;-2,1378302574157715;2,2695679664611816;2,1136202812194824;-1,2528903484344482
35;1000,0;25,0;600,0;-0,0439370796084404;0,017164122313261032;0,0007310533546842635;0,0009150550467893481;0,0008190480293706059;0,0006237520137801766;0,00031059750472195446;0,00011063152487622574;0,00016479378973599523;0,00031474855495616794;0,0;-0,008393095806241035;1,6911052465438843;-1,3891189098358154;0,24769707024097443;-0,09724628180265427;-1,4170329570770264;1,2396039962768555;2,371645927429199;-2,449326276779175
36;300,0;25,0;1200,0;-0,06721768528223038;0,017164122313261032;0,0008640573942102492;0,0012400915147736669;0,0008190480293706059;0,0012046683114022017;0,00031059750472195446;0,0001409475225955248;9,876679541775957e-05;0,0004832357226405293;0,0;-0,014682530425488949;1,8024061918258667;-1,0414429903030396;0,22358369827270508;-0,10223414748907089;-1,617132544517517;0,36367031931877136;1,7961188554763794;-1,590706706047058
37;1600,0;30,0;800,0;-0,05018603801727295;0,017164122313261032;0,0007310533546842635;0,0010071283904835582;0,0008190480293706059;0,000945991079788655;0,00031059750472195446;0,0023114148061722517;0,009039619006216526;0,0004223681753501296;0,0;-0,010262059979140759;1,8003090620040894;-1,2641866207122803;0,17599841952323914;0,09304962307214737;-1,1472647190093994;-1,952541470527649;0,753898024559021;-1,2061200141906738
38;1300,0;25,0;300,0;-0,029848787933588028;0,017164122313261032;0,0007310533546842635;0,0008692404953762889;0,0008190480293706059;0,0004078859055880457;0,00031059750472195446;0,00019999816140625626;0,00020974311337340623;0,00039171462412923574;0,0;-0,004131658468395472;1,7304714918136597;-1,5099023580551147;0,021820493042469025;0,3579924404621124;-0,9016799330711365;3,046759605407715;1,8207865953445435;-0,635631263256073
39;400,0;35,0;200,0;-0,031511090695858;0,017164122313261032;0,0007310533546842635;0,0008912793127819896;0,0008190480293706059;0,0003714109770953655;0,00031059750472195446;0,0001031889914884232;-3,88329935958609e-05;0,00031474855495616794;0,0;-0,007733065169304609;1,6946091651916504;-1,4930837154388428;0,1395130604505539;-1,042219877243042;-1,1123319864273071;1,260847568511963;2,5622684955596924;2,798675060272217
40;1000,0;35,0;1600,0;-0,08222899585962296;0,017164122313261032;0,0009238830534741282;0,0014555822126567364;0,0008190480293706059;0,0017308921087533236;0,00031059750472195446;0,00022476603044196963;0,0004321387386880815;0,0006220325012691319;0,0;-0,0158242117613554;1,9770694971084595;-0,9808455109596252;0,04170074686408043;-0,19409264624118805;-2,1316490173339844;2,6060047149658203;2,1700172424316406;-1,4611480236053467
41;500,0;30,0;200,0;-0,03310725837945938;0,017164122313261032;0,0007310533546842635;0,0008912793127819896;0,0008190480293706059;0,0003714109770953655;0,00031059750472195446;0,0001031889914884232;-3,88329935958609e-05;0,00031474855495616794;0,0;-0,006145016755908728;1,6425681114196777;-1,5156965255737305;0,12220391631126404;-0,6007933020591736;-1,0841764211654663;1,3124886751174927;2,5832066535949707;2,4009509086608887
42;1100,0;35,0;1200,0;-0,0664413794875145;0,017164122313261032;0,0008640573942102492;0,0012400915147736669;0,0008190480293706059;0,0012046683114022017;0,00031059750472195446;0,0003183544031344354;0,0004360841412562877;0,0019501144997775555;0,0;-0,012980728410184383;1,9516664743423462;-1,1036700010299683;0,17375004291534424;-0,23351413011550903;-1,9897544384002686;-0,3088178038597107;2,5472233295440674;-2,8186678886413574
43;200,0;35,0;1700,0;-0,08815735578536987;0,017164122313261032;0,0009238830534741282;0,0014555822126567364;0,0008190480293706059;0,0018076015403494239;0,00031059750472195446;0,00022476603044196963;0,0004321387386880815;0,0006220325012691319;0,0;-0,01631920225918293;1,946649432182312;-0,8436943888664246;-0,07095203548669815;-0,603983461856842;-2,049367904663086;-4,010702133178711;1,4707601070404053;-1,3650177717208862
44;200,0;35,0;1400,0;-0,07703521847724915;0,017164122313261032;0,0009238830534741282;0,0013748351484537125;0,0008190480293706059;0,0014997652033343911;0,00031059750472195446;0,00022476603044196963;0,00040080409962683916;0,0006220325012691319;0,0;-0,0156537052243948;1,8971439599990845;-0,9534034132957458;-0,09017195552587509;-0,6843715906143188;-1,9814906120300293;-2,0578625202178955;1,3394453525543213;-1,3943512439727783
45;700,0;35,0;700,0;-0,04954914748668671;0,017164122313261032;0,0007310533546842635;0,0009567118831910193;0,0008190480293706059;0,000674526032526046;0,00031059750472195446;0,0001031889914884232;0,00012852322834078223;0,0003454021061770618;0,0;-0,012293337844312191;1,794622778892517;-1,2676358222961426;0,2840089201927185;-0,47100111842155457;-1,505176067352295;1,6699405908584595;2,1066977977752686;-1,7920022010803223
46;900,0;25,0;1500,0;-0,07791046798229218;0,017164122313261032;0,0009238830534741282;0,0014555822126567364;0,0008190480293706059;0,0016027525998651981;0,00031059750472195446;0,0001409475225955248;0,00013010145630687475;0,0006220325012691319;0,0;-0,015128173865377903;1,9124888181686401;-0,9840050935745239;0,10932060331106186;-0,10023581981658936;-1,78806734085083;2,693262815475464;1,6667836904525757;-1,1340892314910889
47;1300,0;30,0;400,0;-0,03265712410211563;0,017164122313261032;0,0007310533546842635;0,0008692404953762889;0,0008190480293706059;0,00047430090489797294;0,00031059750472195446;0,00019255562801845372;0,00011728511890396476;0,00039171462412923574;0,0;-0,006481981836259365;1,8226920366287231;-1,5060224533081055;0,031620174646377563;-0,0006869504577480257;-1,1258538961410522;1,0806186199188232;2,1088874340057373;-0,8014256358146667
48;1700,0;25,0;1100,0;-0,06218922138214111;0,017164122313261032;0,0008020487148314714;0,0011723068309947848;0,0008190480293706059;0,0012459224089980125;0,00031059750472195446;0,002066680695861578;0,000420989963458851;0,0005358416237868369;0,0;-0,01843479834496975;1,905367374420166;-1,0706861019134521;0,2940032184123993;0,5973858833312988;-0,6476362347602844;2,5396244525909424;-1,4510411024093628;-1,3442790508270264
49;1600,0;35,0;1600,0;-0,07729855179786682;0,017164122313261032;0,0009238830534741282;0,0014335433952510357;0,0008190480293706059;0,0018465158063918352;0,00031059750472195446;0,0027255364693701267;0,010606308467686176;0,0006856044055894017;0,0;-0,014933327212929726;2,025122880935669;-0,9840101003646851;0,07967837154865265;0,081911601126194;-1,4160254001617432;-2,321861982345581;0,7203047275543213;-0,553730845451355
50;500,0;30,0;600,0;-0,04844418540596962;0,017164122313261032;0,0007310533546842635;0,0009150550467893481;0,0008190480293706059;0,0006237520137801766;0,00031059750472195446;0,0001031889914884232;0,00012852322834078223;0,00031474855495616794;0,0;-0,01169475819915533;1,711673617362976;-1,302286982536316;0,2676658034324646;-0,25152477622032166;-1,2597557306289673;0,9867622256278992;2,561997175216675;-1,4744873046875
51;500,0;35,0;0,0;-0,027456818148493767;0,017164122313261032;0,0007310533546842635;0,0008912793127819896;0,0008190480293706059;0,0003714109770953655;0,00031059750472195446;0,0001031889914884232;-3,88329935958609e-05;0,00031474855495616794;0,0;-0,005048251710832119;1,821861743927002;-1,6241540908813477;0,3150041103363037;1,0855034589767456;-0,32957619428634644;1,329883098602295;1,265134334564209;-2,3334527015686035
52;400,0;30,0;0,0;-0,027386775240302086;0,017164122313261032;0,0007310533546842635;0,0008912793127819896;0,0008190480293706059;0,0003714109770953655;0,00031059750472195446;0,0001031889914884232;-3,88329935958609e-05;0,00031474855495616794;0,0;-0,005545495077967644;1,7987130880355835;-1,604982614517212;0,3541751205921173;1,4091404676437378;-0,29604634642601013;1,9974582195281982;0,9046162962913513;-2,048973560333252
53;300,0;30,0;300,0;-0,03690789267420769;0,017164122313261032;0,0007310533546842635;0,0008912793127819896;0,0008190480293706059;0,0003714109770953655;0,00031059750472195446;0,0001031889914884232;-3,88329935958609e-05;0,00031474855495616794;0,0;-0,009071380831301212;1,6526901721954346;-1,43340265750885;0,28333741426467896;-0,9674983620643616;-1,2925519943237305;1,9179037809371948;2,0205609798431396;-2,8433773517608643
54;1600,0;25,0;400,0;-0,03728212043642998;0,017164122313261032;0,0007310533546842635;0,0008692404953762889;0,0008190480293706059;0,0005534496158361435;0,00031059750472195446;0,0021573430858552456;0,0016319123096764088;0,00039171462412923574;0,0;-0,008781345561146736;1,7305885553359985;-1,4258455038070679;0,13340182602405548;0,6587082147598267;-0,6400784254074097;0,34594568610191345;0,5529658198356628;-1,67704439163208
55;300,0;25,0;400,0;-0,0381159707903862;0,017164122313261032;0,0007310533546842635;0,0008912793127819896;0,0008190480293706059;0,00043782597640529275;0,00031059750472195446;0,00011063152487622574;0,00013518209743779153;0,00031474855495616794;0,0;-0,006461374927312136;1,6690176725387573;-1,4478464126586914;0,3571206331253052;-0,5245748162269592;-1,4032464027404785;1,5529354810714722;3,1320741176605225;-2,8480918407440186
56;400,0;35,0;1000,0;-0,060818400233983994;0,017164122313261032;0,0008020487148314714;0,0011370439315214753;0,0008190480293706059;0,0010084275854751468;0,00031059750472195446;0,00020424371177796274;0,0002531129284761846;0,00045862674596719444;0,0;-0,014774483628571033;1,8749128580093384;-1,1355781555175781;0,1207224577665329;-0,47858157753944397;-1,6566393375396729;1,9123423099517822;2,6753220558166504;-1,5143519639968872
57;800,0;25,0;500,0;-0,04124441370368004;0,017164122313261032;0,0007310533546842635;0,0008912793127819896;0,0008190480293706059;0,0005163432215340436;0,00031059750472195446;0,00011063152487622574;0,00014553430082742125;0,00031474855495616794;0,0;-0,007555940188467503;1,6502963304519653;-1,4346628189086914;0,22594298422336578;-0,08259834349155426;-1,3240840435028076;2,0730509757995605;2,504718065261841;-2,0044453144073486
58;900,0;35,0;500,0;-0,040512774139642715;0,017164122313261032;0,0007310533546842635;0,0008912793127819896;0,0008190480293706059;0,0005163432215340436;0,00031059750472195446;0,0001031889914884232;6,549458339577541e-05;0,00031474855495616794;0,0;-0,010663344524800777;1,73072350025177;-1,381319284439087;0,18978886306285858;-0,15250025689601898;-1,3640660047531128;1,9060324430465698;2,1947944164276123;-2,172639846801758
59;1400,0;35,0;1700,0;-0,0840306282043457;0,017164122313261032;0,0009238830534741282;0,0014335433952510357;0,0008190480293706059;0,0018912198720499873;0,00031059750472195446;0,0003183544031344354;0,0007084897952154279;0,0006856044055894017;0,0;-0,014597892761230469;2,024653196334839;-0,9158504605293274;0,07082391530275345;0,054528940469026566;-1,7202898263931274;-3,3464996814727783;2,1932780742645264;-1,0139625072479248
60;600,0;30,0;100,0;-0,02468758448958397;0,017164122313261032;0,0007310533546842635;0,0008912793127819896;0,0008190480293706059;0,0003714109770953655;0,00031059750472195446;0,0001031889914884232;-3,88329935958609e-05;0,00031474855495616794;0,0;-0,002845935756340623;1,713035225868225;-1,5945348739624023;0,061683833599090576;-0,547076404094696;-0,9356262683868408;1,6566269397735596;2,062502145767212;-2,1330723762512207
61;1600,0;25,0;200,0;-0,03156647831201553;0,017164122313261032;0,0007310533546842635;0,0008692404953762889;0,0008190480293706059;0,00048703461652621627;0,00031059750472195446;0,0021573430858552456;0,0015228560660034418;0,00039171462412923574;0,0;-0,006182468496263027;1,6360670328140259;-1,4735002517700195;0,04144182801246643;0,8928394317626953;-0,3908390402793884;0,22130146622657776;0,18706373870372772;1,3758277893066406
62;1600,0;30,0;900,0;-0,055108848959207535;0,017164122313261032;0,0007570889429189265;0,0010573746403679252;0,0008190480293706059;0,0010064210509881377;0,00031059750472195446;0,0024951999075710773;0,009398089721798897;0,0005358416237868369;0,0;-0,010478893294930458;1,8404024839401245;-1,2050546407699585;0,19505926966667175;0,020828085020184517;-1,2205978631973267;-1,8143975734710693;0,8869017362594604;-1,009015679359436
63;1300,0;30,0;300,0;-0,029989847913384438;0,017164122313261032;0,0007310533546842635;0,0008692404953762889;0,0008190480293706059;0,0004078859055880457;0,00031059750472195446;0,00019255562801845372;4,502831870922819e-05;0,00039171462412923574;0,0;-0,005799367092549801;1,6994752883911133;-1,4978022575378418;0,051600370556116104;0,11113943159580231;-1,0378048419952393;2,9681878089904785;1,7780389785766602;-0,9887796640396118
64;1400,0;35,0;700,0;-0,047169022262096405;0,017164122313261032;0,0007310533546842635;0,0009346731239929795;0,0008190480293706059;0,0007581444224342704;0,00031059750472195446;0,00019255562801845372;0,00037625778350047767;0,0004223681753501296;0,0;-0,010254735127091408;1,7843670845031738;-1,3315317630767822;0,13811805844306946;0,00418322067707777;-1,2604444026947021;-0,7240371704101562;1,617025375366211;-1,2815711498260498
65;1400,0;30,0;1300,0;-0,07050850242376328;0,017164122313261032;0,0009001974831335247;0,0013086252147331834;0,0008190480293706059;0,0014232277171686292;0,00031059750472195446;0,0003183544031344354;0,0006771551561541855;0,0006425717147067189;0,0;-0,012400497682392597;1,941567063331604;-1,0782767534255981;0,11140234768390656;-0,08951818943023682;-1,5883718729019165;-3,290773391723633;1,6671597957611084;-1,2474883794784546
66;700,0;30,0;500,0;-0,041584763675928116;0,017164122313261032;0,0007310533546842635;0,0008912793127819896;0,0008190480293706059;0,0005163432215340436;0,00031059750472195446;0,0001031889914884232;6,549458339577541e-05;0,00031474855495616794;0,0;-0,010285405442118645;1,6770622730255127;-1,3848520517349243;0,20662446320056915;-0,1542551964521408;-1,3034639358520508;2,211573600769043;1,91237473487854;-1,995819091796875
67;800,0;30,0;1500,0;-0,07949817180633545;0,017164122313261032;0,0009238830534741282;0,0014555822126567364;0,0008190480293706059;0,0016027525998651981;0,00031059750472195446;0,00022476603044196963;0,0004321387386880815;0,0006220325012691319;0,0;-0,014229293912649155;1,9530991315841675;-1,024378776550293;0,1140189990401268;-0,22356928884983063;-1,9695736169815063;0,37454378604888916;2,1653053760528564;-1,3271654844284058
68;1000,0;35,0;1000,0;-0,061365604400634766;0,017164122313261032;0,0008020487148314714;0,0011370439315214753;0,0008190480293706059;0,0010084275854751468;0,00031059750472195446;0,00020424371177796274;0,0002531129284761846;0,00045862674596719444;0,0;-0,013042631559073925;1,8667880296707153;-1,180306077003479;0,2083544135093689;-0,20613379776477814;-1,7602521181106567;1,9379485845565796;2,159014940261841;-1,953558325767517
69;500,0;25,0;900,0;-0,05617661774158478;0,017164122313261032;0,0007570889429189265;0,0010794134577736259;0,0008190480293706059;0,0008907972369343042;0,00031059750472195446;0,00011063152487622574;0,00016479378973599523;0,00045862674596719444;0,0;-0,013577882200479507;1,7615982294082642;-1,226832389831543;0,25974753499031067;-0,1002538725733757;-1,5179802179336548;3,76462984085083;1,8823151588439941;-1,3805760145187378
70;1100,0;25,0;600,0;-0,04374692961573601;0,017164122313261032;0,0007310533546842635;0,0009150550467893481;0,0008190480293706059;0,0006237520137801766;0,00031059750472195446;0,00019999816140625626;0,000189034195500426;0,0018388803582638502;0,0;-0,00800302717834711;1,6924923658370972;-1,3953222036361694;0,1911863386631012;0,02150139957666397;-1,4292618036270142;0,44376012682914734;2,3261160850524902;-2,4143917560577393
71;600,0;30,0;200,0;-0,029659269377589226;0,017164122313261032;0,0007310533546842635;0,0008912793127819896;0,0008190480293706059;0,0003714109770953655;0,00031059750472195446;0,0001031889914884232;-3,88329935958609e-05;0,00031474855495616794;0,0;-0,005860045086592436;1,644633412361145;-1,5271003246307373;0,054611530154943466;-0,6316883563995361;-1,1249171495437622;1,6932934522628784;2,2633209228515625;-2,340070962905884
72;400,0;35,0;100,0;-0,026539407670497894;0,017164122313261032;0,0007310533546842635;0,0008912793127819896;0,0008190480293706059;0,0003714109770953655;0,00031059750472195446;0,0001031889914884232;-3,88329935958609e-05;0,00031474855495616794;0,0;-0,004907878581434488;1,7580217123031616;-1,5986897945404053;0,16923148930072784;-0,9844543933868408;-0,7587880492210388;1,0766801834106445;0,6240221858024597;3,108238458633423
73;1400,0;35,0;900,0;-0,05618862807750702;0,017164122313261032;0,0007570889429189265;0,0010573746403679252;0,0008190480293706059;0,0009744156850501895;0,00031059750472195446;0,00019255562801845372;0,00037625778350047767;0,0005358416237868369;0,0;-0,010548720136284828;1,8567646741867065;-1,240249514579773;0,13257451355457306;-0,054398853331804276;-1,456539273262024;-0,8845171332359314;1,6975018978118896;-1,2637659311294556
74;1500,0;25,0;1700,0;-0,08319343626499176;0,017164122313261032;0,0009238830534741282;0,0014335433952510357;0,0008190480293706059;0,0019232252379879355;0,00031059750472195446;0,0005899532698094845;0,0006932153482921422;0,0006856044055894017;0,0;-0,016689909622073174;2,0622589588165283;-0,925004780292511;0,07727579027414322;0,20797327160835266;-1,262320637702942;-1,7475531101226807;1,3110584020614624;-0,4376087486743927
75;600,0;25,0;300,0;-0,03281836211681366;0,017164122313261032;0,0007310533546842635;0,0008912793127819896;0,0008190480293706059;0,0003714109770953655;0,00031059750472195446;0,00011063152487622574;8,994316885946319e-05;0,00031474855495616794;0,0;-0,00682565663009882;1,5669575929641724;-1,5161089897155762;0,20374955236911774;-0,11133217066526413;-1,1749869585037231;0,9013824462890625;2,9620630741119385;-2,130606174468994
76;1000,0;25,0;700,0;-0,04817817360162735;0,017164122313261032;0,0007310533546842635;0,0009567118831910193;0,0008190480293706059;0,000674526032526046;0,00031059750472195446;0,00011063152487622574;0,00016479378973599523;0,0003454021061770618;0,0;-0,009662873111665249;1,7280466556549072;-1,3261457681655884;0,2729809284210205;-0,10809729993343353;-1,4675031900405884;1,9851956367492676;2,1384854316711426;-2,2949283123016357
77;700,0;25,0;500,0;-0,040878064930438995;0,017164122313261032;0,0007310533546842635;0,0008912793127819896;0,0008190480293706059;0,0005163432215340436;0,00031059750472195446;0,00011063152487622574;0,00014553430082742125;0,00031474855495616794;0,0;-0,008393151685595512;1,617759346961975;-1,4411903619766235;0,22702158987522125;-0,06949184089899063;-1,3406842947006226;2,3837532997131348;2,482022762298584;-1,9908331632614136
78;1100,0;35,0;1400,0;-0,07353627681732178;0,017164122313261032;0,0009238830534741282;0,0013748351484537125;0,0008190480293706059;0,0014997652033343911;0,00031059750472195446;0,0003183544031344354;0,0004360841412562877;0,0018040962750092149;0,0;-0,014273728244006634;1,9758317470550537;-1,0528188943862915;0,13325361907482147;-0,19734172523021698;-2,0256268978118896;-0,03110070340335369;2,330357789993286;-2,9248900413513184
79;200,0;35,0;1600,0;-0,08359170705080032;0,017164122313261032;0,0009238830534741282;0,0014555822126567364;0,0008190480293706059;0,0017308921087533236;0,00031059750472195446;0,00022476603044196963;0,0004321387386880815;0,0006220325012691319;0,0;-0,01639968901872635;1,94439697265625;-0,8667483925819397;-0,030603889375925064;-0,625536322593689;-1,9973299503326416;-2,8999099731445312;1,3770638704299927;-1,3504019975662231
80;1400,0;30,0;500,0;-0,039375655353069305;0,017164122313261032;0,0007310533546842635;0,0008692404953762889;0,0008190480293706059;0,0005999616114422679;0,00031059750472195446;0,00019255562801845372;0,00031322918948717415;0,00039171462412923574;0,0;-0,008078946731984615;1,7029309272766113;-1,4055935144424438;0,11681854724884033;0,06808575242757797;-1,1037251949310303;-3,018578052520752;1,2308604717254639;-1,4386801719665527
81;800,0;35,0;1600,0;-0,07921475917100906;0,017164122313261032;0,0009238830534741282;0,0014555822126567364;0,0008190480293706059;0,0017308921087533236;0,00031059750472195446;0,00022476603044196963;0,0004321387386880815;0,0006220325012691319;0,0;-0,0153232142329216;2,014988660812378;-0,9634764790534973;0,07731377333402634;-0,3315899074077606;-2,094560384750366;-0,7068849205970764;2,1074113845825195;-1,2358274459838867
82;1100,0;35,0;400,0;-0,037897609174251556;0,017164122313261032;0,0007310533546842635;0,0008912793127819896;0,0008190480293706059;0,00043782597640529275;0,00031059750472195446;0,00019255562801845372;4,0087365050567314e-05;0,0018388803582638502;0,0;-0,007609955966472626;1,700968623161316;-1,4248141050338745;0,17071889340877533;-0,10998385399580002;-1,339707612991333;0,838648796081543;2,028881788253784;-2,313478708267212
83;1600,0;30,0;1000,0;-0,057488150894641876;0,017164122313261032;0,0008020487148314714;0,0011150051141157746;0,0008190480293706059;0,0011240513995289803;0,00031059750472195446;0,0025962544605135918;0,010427283123135567;0,0005358416237868369;0,0;-0,011694546788930893;1,889328956604004;-1,1875885725021362;0,19408509135246277;0,0610727034509182;-1,2134815454483032;-1,7530043125152588;0,8289334177970886;-1,047079086303711
84;1800,0;35,0;500,0;-0,037878118455410004;0,017164122313261032;0,0007310533546842635;0,0008692404953762889;0,0008190480293706059;0,0006319669191725552;0,00031059750472195446;0,003168361261487007;0,0007890718406997621;0,00039171462412923574;0,0;-0,006235824432224035;1,785766363143921;-1,4868528842926025;-0,023061363026499748;-0,12875720858573914;-1,3529492616653442;0,8407626152038574;-1,0960639715194702;0,3500843346118927
85;300,0;25,0;900,0;-0,05763936787843704;0,017164122313261032;0,0007570889429189265;0,0010794134577736259;0,0008190480293706059;0,0008907972369343042;0,00031059750472195446;0,00011063152487622574;0,00016479378973599523;0,00045862674596719444;0,0;-0,012803968042135239;1,7830272912979126;-1,1710096597671509;0,32032129168510437;-0,022297503426671028;-1,4091973304748535;2,6820523738861084;1,7507808208465576;-1,9701181650161743
86;700,0;35,0;900,0;-0,05737322196364403;0,017164122313261032;0,0007570889429189265;0,0010794134577736259;0,0008190480293706059;0,0008907972369343042;0,00031059750472195446;0,0001031889914884232;0,00012852322834078223;0,00045862674596719444;0,0;-0,012352128513157368;1,8569499254226685;-1,1917073726654053;0,2631424367427826;-0,4946052134037018;-1,663869857788086;1,0994168519973755;2,1953792572021484;-1,4912865161895752
87;400,0;30,0;600,0;-0,047761838883161545;0,017164122313261032;0,0007310533546842635;0,0009150550467893481;0,0008190480293706059;0,0006237520137801766;0,00031059750472195446;0,0001031889914884232;0,00012852322834078223;0,00031474855495616794;0,0;-0,011574801057577133;1,723909854888916;-1,2871007919311523;0,2771550714969635;-0,5372581481933594;-1,3574005365371704;2,286414384841919;2,533113718032837;-2,5678293704986572
88;200,0;30,0;500,0;-0,04358652979135513;0,017164122313261032;0,0007310533546842635;0,0008912793127819896;0,0008190480293706059;0,0005163432215340436;0,00031059750472195446;0,0001031889914884232;6,549458339577541e-05;0,00031474855495616794;0,0;-0,010114340111613274;1,6559816598892212;-1,2781791687011719;0,2126818597316742;-0,6578637361526489;-1,4891670942306519;0,21627968549728394;0,2834641933441162;-2,1088902950286865
89;1700,0;30,0;800,0;-0,04979651793837547;0,017164122313261032;0,0007310533546842635;0,0010071283904835582;0,0008190480293706059;0,000945991079788655;0,00031059750472195446;0,0044386740773916245;0,001856741844676435;0,0004223681753501296;0,0;-0,010262059979140759;1,8051939010620117;-1,2654377222061157;0,17371802031993866;0,13979533314704895;-1,051892638206482;-2,78458571434021;-2,5682852268218994;-1,1475629806518555
90;200,0;30,0;100,0;-0,026602953672409058;0,017164122313261032;0,0007310533546842635;0,0008912793127819896;0,0008190480293706059;0,0003714109770953655;0,00031059750472195446;0,0001031889914884232;-3,88329935958609e-05;0,00031474855495616794;0,0;-0,003066472942009568;1,7442530393600464;-1,5631245374679565;0,19674475491046906;-2,001554012298584;-0,8682745695114136;0,21862675249576569;-1,7320547103881836;-1,62752103805542
91;1500,0;35,0;0,0;-0,024415452033281326;0,017164122313261032;0,0007310533546842635;0,0008692404953762889;0,0008190480293706059;0,00048703461652621627;0,00031059750472195446;0,0004434351867530495;0,000517586013302207;0,00039171462412923574;0,0;-0,0030184127390384674;1,635524034500122;-1,6991312503814697;0,05329229310154915;0,9695361852645874;-0,3973436951637268;0,21375106275081635;3,127058267593384;-2,624910593032837
92;400,0;30,0;400,0;-0,040885522961616516;0,017164122313261032;0,0007310533546842635;0,0008912793127819896;0,0008190480293706059;0,00043782597640529275;0,00031059750472195446;0,0001031889914884232;3,342379204696044e-05;0,00031474855495616794;0,0;-0,009103957563638687;1,6616402864456177;-1,391647219657898;0,25783735513687134;-0,7604550123214722;-1,3249210119247437;1,913593053817749;2,694624423980713;0,3421524465084076
93;200,0;35,0;100,0;-0,027645930647850037;0,017164122313261032;0,0007310533546842635;0,0008912793127819896;0,0008190480293706059;0,0003714109770953655;0,00031059750472195446;0,0001031889914884232;-3,88329935958609e-05;0,00031474855495616794;0,0;-0,004280393943190575;1,7997245788574219;-1,5741537809371948;0,17057809233665466;-2,3730549812316895;-0,8178368806838989;0,3959807753562927;-2,4428627490997314;-1,8101497888565063
94;300,0;25,0;1300,0;-0,07159613072872162;0,017164122313261032;0,0009001974831335247;0,001330664032138884;0,0008190480293706059;0,001339609152637422;0,00031059750472195446;0,0001409475225955248;9,876679541775957e-05;0,0005789998103864491;0,0;-0,015120116993784904;1,830399513244629;-1,0021107196807861;0,24967360496520996;-0,12785519659519196;-1,6578490734100342;0,5713012218475342;1,7270159721374512;-1,4086719751358032
95;1000,0;25,0;1000,0;-0,058578118681907654;0,017164122313261032;0,0008020487148314714;0,0011370439315214753;0,0008190480293706059;0,0010084275854751468;0,00031059750472195446;0,00012042522575939074;9,384311124449596e-05;0,00045862674596719444;0,0;-0,013114809058606625;1,7963755130767822;-1,1840572357177734;0,26325294375419617;-0,08193152397871017;-1,5925289392471313;2,6030502319335938;1,8935681581497192;-2,1147890090942383
96;300,0;35,0;500,0;-0,04404376074671745;0,017164122313261032;0,0007310533546842635;0,0008912793127819896;0,0008190480293706059;0,0005163432215340436;0,00031059750472195446;0,0001031889914884232;6,549458339577541e-05;0,00031474855495616794;0,0;-0,012684240937232971;1,7216864824295044;-1,2932980060577393;0,23924294114112854;-0,8861716389656067;-1,4622080326080322;1,2715846300125122;3,4321184158325195;-2,4065704345703125
97;1000,0;30,0;900,0;-0,05731867626309395;0,017164122313261032;0,0007570889429189265;0,0010794134577736259;0,0008190480293706059;0,0008907972369343042;0,00031059750472195446;0,0001031889914884232;0,00012852322834078223;0,00045862674596719444;0,0;-0,012347257696092129;1,801039695739746;-1,2281941175460815;0,24281519651412964;-0,15884557366371155;-1,6032698154449463;1,684829592704773;2,142965793609619;-2,0848772525787354
98;200,0;30,0;1500,0;-0,07949189841747284;0,017164122313261032;0,0009238830534741282;0,0014555822126567364;0,0008190480293706059;0,0016027525998651981;0,00031059750472195446;0,00022476603044196963;0,0004321387386880815;0,0006220325012691319;0,0;-0,014428861439228058;1,8575432300567627;-0,9423162937164307;0,010039431974291801;-0,2508102059364319;-1,954143762588501;-2,7288007736206055;2,985438585281372;-1,418506145477295
99;1500,0;35,0;1600,0;-0,07801263779401779;0,017164122313261032;0,0009238830534741282;0,0014335433952510357;0,0008190480293706059;0,0018465158063918352;0,00031059750472195446;0,0006737716612406075;0,001123325782828033;0,0006856044055894017;0,0;-0,014039939269423485;1,997861623764038;-0,9266589283943176;0,09022746235132217;0,10063403844833374;-1,4748400449752808;-2,8919594287872314;1,9953985214233398;-1,2152142524719238
100;1600,0;30,0;1400,0;-0,0718180239200592;0,017164122313261032;0,0009238830534741282;0,0013527963310480118;0,0008190480293706059;0,0016153889009729028;0,00031059750472195446;0,0027255364693701267;0,010574974119663239;0,0006856044055894017;0,0;-0,013029285706579685;1,95404851436615;-1,0305372476577759;0,1287570595741272;-0,002075974131003022;-1,3368395566940308;-2,2463152408599854;0,7591923475265503;-1,0521607398986816
101;1100,0;35,0;1100,0;-0,06245191767811775;0,017164122313261032;0,0008020487148314714;0,0011943456484004855;0,0008190480293706059;0,001130298594944179;0,00031059750472195446;0,0003183544031344354;0,00038976300857029855;0,0019255054648965597;0,0;-0,01269527804106474;1,9275894165039062;-1,1388450860977173;0,21067024767398834;-0,19594469666481018;-1,8789246082305908;0,11240632832050323;2,561764717102051;-2,635958194732666
102;1800,0;25,0;300,0;-0,03116791509091854;0,017164122313261032;0,0007310533546842635;0,0008692404953762889;0,0008190480293706059;0,00048703461652621627;0,00031059750472195446;0,0015990589745342731;0,0001111250021494925;0,00039171462412923574;0,0;-0,002044568071141839;1,7581666707992554;-1,6096282005310059;-0,055093467235565186;0,5857529640197754;-0,8143795728683472;0,5950959920883179;1,6334041357040405;1,117892861366272
103;1300,0;25,0;100,0;-0,02254536747932434;0,017164122313261032;0,0007310533546842635;0,0008692404953762889;0,0008190480293706059;0,0004078859055880457;0,00031059750472195446;0,00019999816140625626;0,00020974311337340623;0,00039171462412923574;0,0;-0,0002693756250664592;1,637325644493103;-1,6728116273880005;-0,12471543252468109;0,8169076442718506;-0,9466146230697632;1,4475007057189941;1,1582328081130981;-1,8427176475524902
104;700,0;25,0;700,0;-0,049692656844854355;0,017164122313261032;0,0007310533546842635;0,0009567118831910193;0,0008190480293706059;0,000674526032526046;0,00031059750472195446;0,00011063152487622574;0,00016479378973599523;0,0003454021061770618;0,0;-0,010507323779165745;1,676709532737732;-1,336673617362976;0,29133716225624084;-0,08908548951148987;-1,4355504512786865;3,085956573486328;2,131931781768799;-1,717034935951233
105;400,0;25,0;400,0;-0,03628907352685928;0,017164122313261032;0,0007310533546842635;0,0008912793127819896;0,0008190480293706059;0,00043782597640529275;0,00031059750472195446;0,00011063152487622574;0,00013518209743779153;0,00031474855495616794;0,0;-0,006455998867750168;1,6560416221618652;-1,472605586051941;0,1773165613412857;-0,36542561650276184;-1,3890312910079956;1,756052017211914;3,417732000350952;0,19172896444797516
106;700,0;35,0;300,0;-0,03482396900653839;0,017164122313261032;0,0007310533546842635;0,0008912793127819896;0,0008190480293706059;0,0003714109770953655;0,00031059750472195446;0,0001031889914884232;-3,88329935958609e-05;0,00031474855495616794;0,0;-0,008729545399546623;1,694920301437378;-1,457825779914856;0,1470050811767578;-0,45224133133888245;-1,2377458810806274;0,8336173892021179;1,9350544214248657;-1,7879003286361694
107;1700,0;30,0;200,0;-0,03015887178480625;0,017164122313261032;0,0007310533546842635;0,0008692404953762889;0,0008190480293706059;0,00048703461652621627;0,00031059750472195446;0,0044386740773916245;0,0014543711440637708;0,00039171462412923574;0,0;-0,0026405244134366512;1,6264269351959229;-1,5376501083374023;-0,055750589817762375;0,1988343745470047;-0,791763186454773;-1,915008783340454;-2,609140396118164;0,27464568614959717
108;1800,0;25,0;1400,0;-0,07094496488571167;0,017164122313261032;0,0009238830534741282;0,0013527963310480118;0,0008190480293706059;0,0016153889009729028;0,00031059750472195446;0,0017431047745049;0,0002547165204305202;0,0006856044055894017;0,0;-0,01490428950637579;2,057119607925415;-1,0391583442687988;0,08685536682605743;0,3650984764099121;-0,9621884226799011;1,5446491241455078;0,0864541307091713;0,4272007942199707
109;1600,0;30,0;400,0;-0,037456758320331573;0,017164122313261032;0,0007310533546842635;0,0008692404953762889;0,0008190480293706059;0,0005534496158361435;0,00031059750472195446;0,0023114148061722517;0,008944518864154816;0,00039171462412923574;0,0;-0,0052113765850663185;1,6873141527175903;-1,4505481719970703;0,06088218837976456;0,12275685369968414;-1,0351885557174683;-2,554163932800293;1,052721619606018;-1,4253851175308228
110;1500,0;35,0;900,0;-0,0550127811729908;0,017164122313261032;0,0007570889429189265;0,0010573746403679252;0,0008190480293706059;0,0010064210509881377;0,00031059750472195446;0,0004434351867530495;0,0007487594266422093;0,0005358416237868369;0,0;-0,00999076571315527;1,861971378326416;-1,18985116481781;0,1919870227575302;0,10281533747911453;-1,2293381690979004;-2,24853253364563;1,8996086120605469;-1,4304723739624023
111;300,0;25,0;1800,0;-0,08924310654401779;0,017164122313261032;0,0009238830534741282;0,0014555822126567364;0,0008190480293706059;0,0018076015403494239;0,00031059750472195446;0,0001409475225955248;0,00013010145630687475;0,0006220325012691319;0,0;-0,0173631701618433;1,9113215208053589;-0,8255749344825745;0,21441595256328583;-0,0634036585688591;-1,747533917427063;-2,5235531330108643;1,748816967010498;-1,0802656412124634
112;1500,0;25,0;1500,0;-0,0756678432226181;0,017164122313261032;0,0009238830534741282;0,0014335433952510357;0,0008190480293706059;0,0017183762975037098;0,00031059750472195446;0,0005899532698094845;0,0006932153482921422;0,0006856044055894017;0,0;-0,015266085043549538;2,029750347137451;-0,9880861043930054;0,12734220921993256;0,2397070676088333;-1,12856924533844;-2,63612961769104;1,3476247787475586;-0,4814939498901367
113;500,0;35,0;1800,0;-0,09112270921468735;0,017164122313261032;0,0009238830534741282;0,0014555822126567364;0,0008190480293706059;0,0018076015403494239;0,00031059750472195446;0,00022476603044196963;0,0004321387386880815;0,0006220325012691319;0,0;-0,01537548191845417;2,050448179244995;-0,8616653084754944;0,07701051980257034;-0,4037025272846222;-2,033276319503784;-3,8150267601013184;2,273627519607544;-1,065004587173462
114;1800,0;30,0;1500,0;-0,0740414708852768;0,017164122313261032;0,0009238830534741282;0,0014335433952510357;0,0008190480293706059;0,0017183762975037098;0,00031059750472195446;0,0034036682918667793;0,0012266667326912284;0,0006856044055894017;0,0;-0,012529331259429455;2,0039992332458496;-0,9793261289596558;0,05751911178231239;0,07558294385671616;-1,3288226127624512;0,8493081331253052;-2,6079623699188232;-1,2508047819137573
115;800,0;25,0;1200,0;-0,067470982670784;0,017164122313261032;0,0008640573942102492;0,0012400915147736669;0,0008190480293706059;0,0012046683114022017;0,00031059750472195446;0,0001409475225955248;9,876679541775957e-05;0,0004832357226405293;0,0;-0,01311552245169878;1,8466215133666992;-1,0995399951934814;0,20444126427173615;-0,13189435005187988;-1,7010985612869263;3,5896172523498535;1,8232368230819702;-1,3972065448760986
116;1600,0;30,0;500,0;-0,04028753191232681;0,017164122313261032;0,0007310533546842635;0,0008692404953762889;0,0008190480293706059;0,0006319669191725552;0,00031059750472195446;0,0023114148061722517;0,008976589888334274;0,00039171462412923574;0,0;-0,007775432430207729;1,7223676443099976;-1,3962466716766357;0,10071896016597748;0,15181981027126312;-1,0326260328292847;-3,2943317890167236;0,38442274928092957;-1,3721562623977661
117;1000,0;25,0;1300,0;-0,06992888450622559;0,017164122313261032;0,0009001974831335247;0,001330664032138884;0,0008190480293706059;0,001339609152637422;0,00031059750472195446;0,0001409475225955248;9,876679541775957e-05;0,0005789998103864491;0,0;-0,014183552004396915;1,8875802755355835;-1,0725899934768677;0,1929175853729248;-0,15464895963668823;-1,8282660245895386;3,188117742538452;1,8214374780654907;-1,7141553163528442
118;500,0;35,0;400,0;-0,040888410061597824;0,017164122313261032;0,0007310533546842635;0,0008912793127819896;0,0008190480293706059;0,00043782597640529275;0,00031059750472195446;0,0001031889914884232;3,342379204696044e-05;0,00031474855495616794;0,0;-0,00990344863384962;1,6852660179138184;-1,3569594621658325;0,2391091138124466;-0,4870677888393402;-1,1596778631210327;0,8885125517845154;1,848067283630371;-0,8942157030105591
119;1000,0;25,0;500,0;-0,03928428515791893;0,017164122313261032;0,0007310533546842635;0,0008912793127819896;0,0008190480293706059;0,0005163432215340436;0,00031059750472195446;0,00011063152487622574;0,00014553430082742125;0,00031474855495616794;0,0;-0,0078094350174069405;1,6739798784255981;-1,4413208961486816;0,19735728204250336;-0,0874517634510994;-1,3781025409698486;1,0385782718658447;2,6855502128601074;-2,4569034576416016
120;1800,0;30,0;900,0;-0,05359390005469322;0,017164122313261032;0,0007570889429189265;0,0010573746403679252;0,0008190480293706059;0,0010064210509881377;0,00031059750472195446;0,00317333173006773;0,0008521004929207265;0,0005358416237868369;0,0;-0,009824398905038834;1,853914737701416;-1,1929470300674438;0,16087856888771057;0,15272535383701324;-1,1649171113967896;0,5425646901130676;-3,0941085815429688;-1,5829975605010986
121;1100,0;30,0;1300,0;-0,07015696167945862;0,017164122313261032;0,0009001974831335247;0,001330664032138884;0,0008190480293706059;0,001339609152637422;0,00031059750472195446;0,0003183544031344354;0,0004360841412562877;0,001761063584126532;0,0;-0,012977134436368942;1,9265379905700684;-1,0825629234313965;0,11488807946443558;-0,12561625242233276;-1,9065194129943848;1,1097058057785034;2,2403626441955566;-2,3661603927612305
122;500,0;30,0;800,0;-0,05539151281118393;0,017164122313261032;0,0007310533546842635;0,0010291672078892589;0,0008190480293706059;0,0008303673821501434;0,00031059750472195446;0,0001031889914884232;0,00012852322834078223;0,0003454021061770618;0,0;-0,01268333476036787;1,7689584493637085;-1,2169556617736816;0,2648051977157593;-0,3476453125476837;-1,4747281074523926;1,990883469581604;2,472900152206421;-1,3474688529968262
123;400,0;30,0;1100,0;-0,06504984200000763;0,017164122313261032;0,0008020487148314714;0,0011943456484004855;0,0008190480293706059;0,001130298594944179;0,00031059750472195446;0,00022476603044196963;0,00035448296694085;0,00045862674596719444;0,0;-0,013924841769039631;1,8755635023117065;-1,103841781616211;0,1584959179162979;-0,5759689807891846;-1,7752788066864014;0,5404437184333801;2,241581439971924;-1,5570969581604004
124;500,0;30,0;1500,0;-0,08041144907474518;0,017164122313261032;0,0009238830534741282;0,0014555822126567364;0,0008190480293706059;0,0016027525998651981;0,00031059750472195446;0,00022476603044196963;0,0004321387386880815;0,0006220325012691319;0,0;-0,014586467295885086;1,9577293395996094;-0,9505574107170105;0,13125991821289062;-0,41839149594306946;-1,9319645166397095;-2,344364643096924;2,6227128505706787;-1,1610939502716064
125;1000,0;25,0;0,0;-0,024104194715619087;0,017164122313261032;0,0007310533546842635;0,0008912793127819896;0,0008190480293706059;0,0003714109770953655;0,00031059750472195446;0,00011063152487622574;8,994316885946319e-05;0,00031474855495616794;0,0;-0,0039712246507406235;1,6842812299728394;-1,636797547340393;0,11434263736009598;0,9215380549430847;-0,7065772414207458;1,0337541103363037;0,9001817107200623;-2,529576063156128
126;1300,0;25,0;1100,0;-0,06033307686448097;0,017164122313261032;0,0008020487148314714;0,0011723068309947848;0,0008190480293706059;0,0011667736107483506;0,00031059750472195446;0,00023453593894373626;0,00024225952802225947;0,0005358416237868369;0,0;-0,013840065337717533;1,9101015329360962;-1,1360466480255127;0,201008141040802;0,12240249663591385;-1,3293174505233765;3,8180813789367676;1,0476133823394775;-0,7249972224235535
127;1300,0;35,0;1100,0;-0,06153631955385208;0,017164122313261032;0,0008020487148314714;0,0011723068309947848;0,0008190480293706059;0,0011667736107483506;0,00031059750472195446;0,0003183544031344354;0,00046696074423380196;0,0005358416237868369;0,0;-0,012928889133036137;1,900228500366211;-1,1239628791809082;0,18494108319282532;-0,06605324149131775;-1,6147959232330322;0,1288577914237976;2,044341802597046;-0,9085979461669922
128;900,0;30,0;800,0;-0,05460725352168083;0,017164122313261032;0,0007310533546842635;0,0010291672078892589;0,0008190480293706059;0,0008303673821501434;0,00031059750472195446;0,0001031889914884232;0,00012852322834078223;0,0003454021061770618;0,0;-0,012387806549668312;1,7693450450897217;-1,2563698291778564;0,27848732471466064;-0,15467701852321625;-1,516528606414795;1,5697035789489746;2,0231587886810303;-1,8301230669021606
129;900,0;30,0;900,0;-0,05949248746037483;0,017164122313261032;0,0007570889429189265;0,0010794134577736259;0,0008190480293706059;0,0008907972369343042;0,00031059750472195446;0,0001031889914884232;0,00012852322834078223;0,00045862674596719444;0,0;-0,012347257696092129;1,8152951002120972;-1,2251919507980347;0,26354947686195374;-0,2444702833890915;-1,669762372970581;1,734732747077942;2,106785535812378;-1,6871949434280396
130;1800,0;35,0;200,0;-0,028206130489706993;0,017164122313261032;0,0007310533546842635;0,0008692404953762889;0,0008190480293706059;0,00048703461652621627;0,00031059750472195446;0,003168361261487007;0,0006209270213730633;0,00039171462412923574;0,0;-0,0015244785463437438;1,698099970817566;-1,6106934547424316;-0,0834081768989563;-0,019298305734992027;-1,0090844631195068;1,402575135231018;-1,9337531328201294;0,9324614405632019
131;1300,0;25,0;800,0;-0,04882999509572983;0,017164122313261032;0,0007310533546842635;0,0010071283904835582;0,0008190480293706059;0,000866842339746654;0,00031059750472195446;0,00019999816140625626;0,0002845936978701502;0,0004223681753501296;0,0;-0,010359654203057289;1,8238627910614014;-1,3178879022598267;0,19298146665096283;0,053381431847810745;-1,1745250225067139;4,313289642333984;1,0796290636062622;-0,654669463634491
132;100,0;30,0;300,0;-0,03441421315073967;0,017164122313261032;0,0007310533546842635;0,0008912793127819896;0,0008190480293706059;0,0003714109770953655;0,00031059750472195446;0,0001031889914884232;-3,88329935958609e-05;0,00031474855495616794;0,0;-0,010914240032434464;1,6196107864379883;-1,371272087097168;0,16983722150325775;-1,3988924026489258;-1,363560676574707;1,415684461593628;-1,1904284954071045;-2,379706382751465
133;300,0;30,0;1100,0;-0,06650590151548386;0,017164122313261032;0,0008020487148314714;0,0011943456484004855;0,0008190480293706059;0,001130298594944179;0,00031059750472195446;0,00022476603044196963;0,00035448296694085;0,00045862674596719444;0,0;-0,013783782720565796;1,8550827503204346;-1,080199122428894;0,028044406324625015;-0,5534906387329102;-1,7504087686538696;0,048385608941316605;2,1160550117492676;-1,5818569660186768
134;1800,0;35,0;300,0;-0,03113836981356144;0,017164122313261032;0,0007310533546842635;0,0008692404953762889;0,0008190480293706059;0,00048703461652621627;0,00031059750472195446;0,003168361261487007;0,0006209270213730633;0,00039171462412923574;0,0;-0,00433152774348855;1,711478590965271;-1,5374951362609863;-0,04279335215687752;0,06364288181066513;-1,1076544523239136;1,3913484811782837;-1,9676798582077026;0,0969979465007782
135;600,0;30,0;1500,0;-0,0768103301525116;0,017164122313261032;0,0009238830534741282;0,0014555822126567364;0,0008190480293706059;0,0016027525998651981;0,00031059750472195446;0,00022476603044196963;0,0004321387386880815;0,0006220325012691319;0,0;-0,01450183242559433;1,9630467891693115;-0,9664248824119568;0,08591289818286896;-0,3570215404033661;-1,9382516145706177;2,934107542037964;2,309302806854248;-1,1557745933532715
136;800,0;25,0;200,0;-0,031496480107307434;0,017164122313261032;0,0007310533546842635;0,0008912793127819896;0,0008190480293706059;0,0003714109770953655;0,00031059750472195446;0,00011063152487622574;8,994316885946319e-05;0,00031474855495616794;0,0;-0,0016824345802888274;1,5852700471878052;-1,5777268409729004;0,023871388286352158;0,24245905876159668;-1,0443997383117676;1,4500482082366943;2,5389797687530518;-2,3526062965393066
137;300,0;35,0;600,0;-0,048156458884477615;0,017164122313261032;0,0007310533546842635;0,0009150550467893481;0,0008190480293706059;0,0006237520137801766;0,00031059750472195446;0,0001031889914884232;0,00012852322834078223;0,00031474855495616794;0,0;-0,012741281650960445;1,7610442638397217;-1,2412923574447632;0,23559430241584778;-0,7293552756309509;-1,4628276824951172;1,2937142848968506;2,9567677974700928;-2,263624668121338
138;1800,0;25,0;200,0;-0,028235672041773796;0,017164122313261032;0,0007310533546842635;0,0008692404953762889;0,0008190480293706059;0,00048703461652621627;0,00031059750472195446;0,0015990589745342731;0,0001111250021494925;0,00039171462412923574;0,0;0,00015700315998401493;1,737690806388855;-1,6810331344604492;-0,12094929814338684;0,5844700336456299;-0,7073980569839478;0,5752626657485962;1,3093441724777222;2,463967800140381
139;600,0;30,0;800,0;-0,05154953896999359;0,017164122313261032;0,0007310533546842635;0,0010291672078892589;0,0008190480293706059;0,0008303673821501434;0,00031059750472195446;0,0001031889914884232;0,00012852322834078223;0,0003454021061770618;0,0;-0,01259869895875454;1,7667615413665771;-1,2367372512817383;0,2294570803642273;-0,25104057788848877;-1,478248119354248;1,710112452507019;2,1508874893188477;-1,2255840301513672
140;1800,0;25,0;1500,0;-0,07446203380823135;0,017164122313261032;0,0009238830534741282;0,0014335433952510357;0,0008190480293706059;0,0017183762975037098;0,00031059750472195446;0,0017431047745049;0,0002860511594917625;0,0006856044055894017;0,0;-0,015060055069625378;2,0915017127990723;-1,0054354667663574;0,04055977612733841;0,35004693269729614;-0,9793775677680969;0,6154670715332031;-0,2540941834449768;0,5160757899284363
141;600,0;30,0;400,0;-0,03787904232740402;0,017164122313261032;0,0007310533546842635;0,0008912793127819896;0,0008190480293706059;0,00043782597640529275;0,00031059750472195446;0,0001031889914884232;3,342379204696044e-05;0,00031474855495616794;0,0;-0,008929706178605556;1,6498010158538818;-1,3915356397628784;0,18589475750923157;-0,3853474259376526;-1,1994287967681885;1,9883918762207031;2,1455955505371094;-1,7217812538146973
142;1300,0;25,0;1300,0;-0,06856664270162582;0,017164122313261032;0,0009001974831335247;0,0013086252147331834;0,0008190480293706059;0,0013760841684415936;0,00031059750472195446;0,00023453593894373626;0,0002471832267474383;0,0006425717147067189;0,0;-0,014908808283507824;1,9690701961517334;-1,0787720680236816;0,16112595796585083;0,07854700833559036;-1,4236301183700562;2,219073534011841;0,8305273652076721;-0,8455173969268799
143;500,0;30,0;1400,0;-0,07663829624652863;0,017164122313261032;0,0009238830534741282;0,0013748351484537125;0,0008190480293706059;0,0014997652033343911;0,00031059750472195446;0,00022476603044196963;0,00040080409962683916;0,0006220325012691319;0,0;-0,01461102720350027;1,9393234252929688;-0,9909759759902954;0,14618955552577972;-0,43696215748786926;-1,8911314010620117;-0,45465102791786194;2,5046727657318115;-1,0850212574005127
144;100,0;35,0;800,0;-0,05600389093160629;0,017164122313261032;0,0007310533546842635;0,0010291672078892589;0,0008190480293706059;0,0008303673821501434;0,00031059750472195446;0,0001031889914884232;0,00012852322834078223;0,0003454021061770618;0,0;-0,015476603992283344;1,8035850524902344;-1,1542938947677612;0,037192024290561676;-0,8111432194709778;-1,6834290027618408;0,8124684691429138;2,6041431427001953;-1,4985594749450684
145;1000,0;25,0;1100,0;-0,06177950277924538;0,017164122313261032;0,0008020487148314714;0,0011943456484004855;0,0008190480293706059;0,001130298594944179;0,00031059750472195446;0,0001409475225955248;9,384311124449596e-05;0,00045862674596719444;0,0;-0,013114809058606625;1,8234267234802246;-1,146319031715393;0,22117196023464203;-0,1185002475976944;-1,6924128532409668;3,270390748977661;1,9030147790908813;-1,9768458604812622
146;800,0;30,0;800,0;-0,05452795699238777;0,017164122313261032;0,0007310533546842635;0,0010291672078892589;0,0008190480293706059;0,0008303673821501434;0,00031059750472195446;0,0001031889914884232;0,00012852322834078223;0,0003454021061770618;0,0;-0,01156637817621231;1,7601377964019775;-1,2556747198104858;0,2774277627468109;-0,15339720249176025;-1,5108975172042847;1,3062567710876465;2,0114729404449463;-1,606446385383606
147;100,0;25,0;1800,0;-0,0907471626996994;0,017164122313261032;0,0009238830534741282;0,0014555822126567364;0,0008190480293706059;0,0018076015403494239;0,00031059750472195446;0,0001409475225955248;0,00013010145630687475;0,0006220325012691319;0,0;-0,02073553390800953;1,9079275131225586;-0,8366057276725769;0,22561150789260864;-0,27984464168548584;-1,7188009023666382;-1,7824528217315674;2,8858025074005127;-1,0217260122299194
148;1400,0;25,0;1600,0;-0,07899382710456848;0,017164122313261032;0,0009238830534741282;0,0014335433952510357;0,0008190480293706059;0,001814510440453887;0,00031059750472195446;0,00023453593894373626;0,0004423911450430751;0,0006856044055894017;0,0;-0,017634792253375053;2,0151219367980957;-0,9053677916526794;0,09048222750425339;0,15275417268276215;-1,378618597984314;-1,3809905052185059;2,135219097137451;-0,6795709729194641
149;1700,0;25,0;1400,0;-0,07290305942296982;0,017164122313261032;0,0009238830534741282;0,0013527963310480118;0,0008190480293706059;0,0016153889009729028;0,00031059750472195446;0,002066680695861578;0,00042591363308019936;0,0006856044055894017;0,0;-0,020485900342464447;1,9820555448532104;-0,9462819695472717;0,2419896125793457;0,5739219784736633;-0,7087879180908203;2,5376782417297363;-1,2840911149978638;-1,2657498121261597
150;1800,0;30,0;200,0;-0,02792195975780487;0,017164122313261032;0,0007310533546842635;0,0008692404953762889;0,0008190480293706059;0,00048703461652621627;0,00031059750472195446;0,003168361261487007;0,0006209270213730633;0,00039171462412923574;0,0;-0,0010394762502983212;1,6639509201049805;-1,6162291765213013;-0,10294125974178314;0,09542640298604965;-0,9498251080513;0,8970507383346558;-1,806099534034729;0,7071627974510193
151;600,0;35,0;900,0;-0,0562579371035099;0,017164122313261032;0,0007570889429189265;0,0010794134577736259;0,0008190480293706059;0,0008907972369343042;0,00031059750472195446;0,0001031889914884232;0,00012852322834078223;0,00045862674596719444;0,0;-0,01261460967361927;1,8578453063964844;-1,189609169960022;0,23200643062591553;-0,5055989623069763;-1,614264965057373;2,1849794387817383;2,257786273956299;-1,232204556465149
152;1400,0;25,0;300,0;-0,0316152349114418;0,017164122313261032;0,0007310533546842635;0,0008692404953762889;0,0008190480293706059;0,0004550293378997594;0,00031059750472195446;0,00019999816140625626;0,0003736164071597159;0,00039171462412923574;0,0;-0,0037554537411779165;1,6344507932662964;-1,4765044450759888;0,043839823454618454;0,48428991436958313;-0,8348285555839539;-0,15740232169628143;2,786543607711792;-1,188585877418518
153;1000,0;25,0;800,0;-0,051210563629865646;0,017164122313261032;0,0007310533546842635;0,0010291672078892589;0,0008190480293706059;0,0008303673821501434;0,00031059750472195446;0,00011063152487622574;0,00016479378973599523;0,0003454021061770618;0,0;-0,009813769720494747;1,759996771812439;-1,2968899011611938;0,28488442301750183;-0,19564330577850342;-1,5743322372436523;2,17659330368042;2,117910623550415;-2,2471749782562256
154;1800,0;35,0;1600,0;-0,07745373994112015;0,017164122313261032;0,0009238830534741282;0,0014335433952510357;0,0008190480293706059;0,0018465158063918352;0,00031059750472195446;0,0034036682918667793;0,0012266667326912284;0,0006856044055894017;0,0;-0,013729112222790718;2,0199620723724365;-0,9208486080169678;0,09449803829193115;0,10667095333337784;-1,3783068656921387;0,6241146326065063;-3,216158390045166;-1,4027668237686157
155;1500,0;25,0;300,0;-0,03245751932263374;0,017164122313261032;0,0007310533546842635;0,0008692404953762889;0,0008190480293706059;0,00048703461652621627;0,00031059750472195446;0,0004508777929004282;0,0005182891618460417;0,00039171462412923574;0,0;-0,0028105711098760366;1,695142388343811;-1,561348795890808;0,01064209546893835;0,48081767559051514;-0,8806929588317871;-1,5674511194229126;2,2268574237823486;-1,6867018938064575
156;800,0;35,0;1100,0;-0,06160929054021835;0,017164122313261032;0,0008020487148314714;0,0011943456484004855;0,0008190480293706059;0,001130298594944179;0,00031059750472195446;0,00022476603044196963;0,00035448296694085;0,00045862674596719444;0,0;-0,013025620952248573;1,917805790901184;-1,1199249029159546;0,18993647396564484;-0,3714858591556549;-1,8578002452850342;1,8991435766220093;2,169670820236206;-1,3749815225601196
157;1000,0;25,0;1200,0;-0,06563462316989899;0,017164122313261032;0,0008640573942102492;0,0012400915147736669;0,0008190480293706059;0,0012046683114022017;0,00031059750472195446;0,0001409475225955248;9,876679541775957e-05;0,0004832357226405293;0,0;-0,01374596543610096;1,8472098112106323;-1,1057859659194946;0,21436308324337006;-0,13116605579853058;-1,7640020847320557;2,7934651374816895;1,825001835823059;-1,9549133777618408
158;900,0;30,0;100,0;-0,027621857821941376;0,017164122313261032;0,0007310533546842635;0,0008912793127819896;0,0008190480293706059;0,0003714109770953655;0,00031059750472195446;0,0001031889914884232;-3,88329935958609e-05;0,00031474855495616794;0,0;-0,002600236563012004;1,6656986474990845;-1,6286031007766724;0,024381335824728012;0,5322620868682861;-1,0340607166290283;1,2651751041412354;1,8531407117843628;-2,290048837661743
159;1500,0;25,0;100,0;-0,024741165339946747;0,017164122313261032;0,0007310533546842635;0,0008692404953762889;0,0008190480293706059;0,00048703461652621627;0,00031059750472195446;0,0004508777929004282;0,0005182891618460417;0,00039171462412923574;0,0;0,0009301044628955424;1,6346039772033691;-1,7335251569747925;-0,13326625525951385;0,796559751033783;-0,8171535134315491;-1,0858049392700195;1,6805853843688965;-2,451908826828003
160;1500,0;30,0;1200,0;-0,06546450406312943;0,017164122313261032;0,0008640573942102492;0,0012180526973679662;0,0008190480293706059;0,0013202921254560351;0,00031059750472195446;0,0006737716612406075;0,0010919912019744515;0,0005604505422525108;0,0;-0,01159045659005642;1,9119524955749512;-1,0662429332733154;0,17432354390621185;0,061533600091934204;-1,311841368675232;-1,9089010953903198;1,9409416913986206;-1,1674741506576538
161;1700,0;30,0;1600,0;-0,07790552079677582;0,017164122313261032;0,0009238830534741282;0,0014335433952510357;0,0008190480293706059;0,0018465158063918352;0,00031059750472195446;0,004852795507758856;0,0022313082590699196;0,0006856044055894017;0,0;-0,01358400285243988;2,0372161865234375;-0,9498806595802307;0,12471067160367966;0,09168686717748642;-1,2470272779464722;-3,1839566230773926;-2,2146525382995605;-0,6062650084495544
162;1500,0;25,0;700,0;-0,04698168858885765;0,017164122313261032;0,0007310533546842635;0,0009346731239929795;0,0008190480293706059;0,0007901497301645577;0,00031059750472195446;0,0004508777929004282;0,0006569570396095514;0,0004223681753501296;0,0;-0,008872208185493946;1,8079211711883545;-1,3976751565933228;0,19348770380020142;0,2000020146369934;-1,0481992959976196;-1,4306150674819946;1,548673152923584;-1,1726962327957153
163;200,0;30,0;1700,0;-0,08694621920585632;0,017164122313261032;0,0009238830534741282;0,0014555822126567364;0,0008190480293706059;0,0018076015403494239;0,00031059750472195446;0,00022476603044196963;0,0004321387386880815;0,0006220325012691319;0,0;-0,014686151407659054;1,8979612588882446;-0,8693416118621826;-0,03242192417383194;-0,25414496660232544;-1,979074478149414;-4,136331558227539;2,798452377319336;-1,3551234006881714
164;100,0;25,0;1600,0;-0,08268696069717407;0,017164122313261032;0,0009238830534741282;0,0014555822126567364;0,0008190480293706059;0,0017308921087533236;0,00031059750472195446;0,0001409475225955248;0,00013010145630687475;0,0006220325012691319;0,0;-0,02073553390800953;1,8950753211975098;-0,883351743221283;0,22467437386512756;-0,3183474540710449;-1,713637113571167;-1,0696792602539062;2,910064458847046;-1,1521319150924683
165;1600,0;25,0;1200,0;-0,06592439115047455;0,017164122313261032;0,0008640573942102492;0,0012180526973679662;0,0008190480293706059;0,0013202921254560351;0,00031059750472195446;0,0024802035186439753;0,0028585712425410748;0,0005604505422525108;0,0;-0,019005417823791504;1,9074451923370361;-1,0170445442199707;0,30125460028648376;0,5458628535270691;-0,7396001219749451;0,6747019290924072;-0,5088005065917969;-1,2724703550338745
166;1800,0;30,0;500,0;-0,0376611053943634;0,017164122313261032;0,0007310533546842635;0,0008692404953762889;0,0008190480293706059;0,0006319669191725552;0,00031059750472195446;0,003168361261487007;0,0007890718406997621;0,00039171462412923574;0,0;-0,005642565432935953;1,750962257385254;-1,5004346370697021;-0,03862190991640091;0,002022672211751342;-1,2817456722259521;0,8181248903274536;-1,3167105913162231;0,21221153438091278
167;700,0;30,0;1000,0;-0,05972636118531227;0,017164122313261032;0,0008020487148314714;0,0011370439315214753;0,0008190480293706059;0,0010084275854751468;0,00031059750472195446;0,00020424371177796274;0,0002531129284761846;0,00045862674596719444;0,0;-0,013356396928429604;1,8384500741958618;-1,1904619932174683;0,21252581477165222;-0,2525535821914673;-1,6939677000045776;2,309833526611328;2,072035312652588;-1,4567210674285889
168;1000,0;25,0;400,0;-0,03645351156592369;0,017164122313261032;0,0007310533546842635;0,0008912793127819896;0,0008190480293706059;0,00043782597640529275;0,00031059750472195446;0,00011063152487622574;0,00013518209743779153;0,00031474855495616794;0,0;-0,00446014991030097;1,6795787811279297;-1,493179440498352;0,12693673372268677;-0,0022054759319871664;-1,314739465713501;1,3978116512298584;2,9220030307769775;-2,7044246196746826
169;1300,0;25,0;1800,0;-0,085921511054039;0,017164122313261032;0,0009238830534741282;0,0014335433952510357;0,0008190480293706059;0,0018440765561535954;0,00031059750472195446;0,00023453593894373626;0,00027851786580868065;0,0006856044055894017;0,0;-0,017555037513375282;2,0996315479278564;-0,9158449172973633;0,04506568983197212;0,11806700378656387;-1,5810692310333252;-0,7467955946922302;0,645563542842865;-0,6155425906181335
170;1600,0;35,0;1800,0;-0,08524871617555618;0,017164122313261032;0,0009238830534741282;0,0014335433952510357;0,0008190480293706059;0,0019232252379879355;0,00031059750472195446;0,0027255364693701267;0,010606308467686176;0,0006856044055894017;0,0;-0,01485357340425253;2,060192108154297;-0,928139328956604;0,09617731720209122;0,04666267707943916;-1,5963293313980103;-2,8387491703033447;0,7523912787437439;-0,4199962019920349
171;1000,0;35,0;500,0;-0,043346699327230453;0,017164122313261032;0,0007310533546842635;0,0008912793127819896;0,0008190480293706059;0,0005163432215340436;0,00031059750472195446;0,0001031889914884232;6,549458339577541e-05;0,00031474855495616794;0,0;-0,010490523651242256;1,7519001960754395;-1,3824571371078491;0,19071424007415771;-0,1957305669784546;-1,424096941947937;1,2525057792663574;2,488212823867798;-2,3330233097076416
172;1800,0;25,0;0,0;-0,024776127189397812;0,017164122313261032;0,0007310533546842635;0,0008692404953762889;0,0008190480293706059;0,00048703461652621627;0,00031059750472195446;0,001118585467338562;0,0001111250021494925;0,00039171462412923574;0,0;-0,0036152636166661978;1,6816215515136719;-1,8356904983520508;-0,14618155360221863;0,9959802627563477;-0,056682437658309937;1,2332558631896973;-0,4119041860103607;-0,6834319829940796
173;1800,0;30,0;400,0;-0,034830331802368164;0,017164122313261032;0,0007310533546842635;0,0008692404953762889;0,0008190480293706059;0,0005534496158361435;0,00031059750472195446;0,003168361261487007;0,0007570010493509471;0,00039171462412923574;0,0;-0,003318950068205595;1,721185564994812;-1,5380322933197021;-0,033203136175870895;0,007134987041354179;-1,2163547277450562;0,7772751450538635;-1,1510136127471924;0,05338813737034798
174;1400,0;35,0;1500,0;-0,07680460810661316;0,017164122313261032;0,0009238830534741282;0,0014335433952510357;0,0008190480293706059;0,0016863709315657616;0,00031059750472195446;0,0003183544031344354;0,0007084897952154279;0,0006856044055894017;0,0;-0,013708725571632385;2,0229897499084473;-0,9905841946601868;0,10753153264522552;0,062230926007032394;-1,6058467626571655;-3,862536668777466;2,226705551147461;-0,9685088396072388
175;1100,0;35,0;0,0;-0,02566981129348278;0,017164122313261032;0,0007310533546842635;0,0008912793127819896;0,0008190480293706059;0,0003714109770953655;0,00031059750472195446;0,00019255562801845372;-3,216942059225403e-05;0,0014014573534950614;0,0;-0,004351687617599964;1,723228096961975;-1,6691884994506836;0,200052872300148;1,0442733764648438;-0,7170113921165466;1,9250718355178833;-1,0464788675308228;-1,5314476490020752
176;700,0;25,0;800,0;-0,052899137139320374;0,017164122313261032;0,0007310533546842635;0,0010291672078892589;0,0008190480293706059;0,0008303673821501434;0,00031059750472195446;0,00011063152487622574;0,00016479378973599523;0,0003454021061770618;0,0;-0,010658220387995243;1,715640664100647;-1,3064929246902466;0,2942087650299072;-0,1580614447593689;-1,5501999855041504;3,318039894104004;2,1015734672546387;-1,6129015684127808
177;100,0;25,0;1000,0;-0,06157641112804413;0,017164122313261032;0,0008020487148314714;0,0011370439315214753;0,0008190480293706059;0,0010084275854751468;0,00031059750472195446;0,00012042522575939074;9,384311124449596e-05;0,00045862674596719444;0,0;-0,015925467014312744;1,748977541923523;-1,104081392288208;0,1261453628540039;-0,42383167147636414;-1,644216775894165;1,217954397201538;3,057180643081665;-1,4495573043823242
178;1100,0;25,0;1700,0;-0,08380542695522308;0,017164122313261032;0,0009238830534741282;0,0014555822126567364;0,0008190480293706059;0,0018076015403494239;0,00031059750472195446;0,00023453593894373626;0,00018295833433512598;0,0018040962750092149;0,0;-0,01657370664179325;1,969765305519104;-0,9311607480049133;0,05909385532140732;-0,022860074415802956;-1,9220486879348755;1,1347235441207886;1,3111728429794312;-2,5759453773498535
179;1400,0;25,0;400,0;-0,0347306989133358;0,017164122313261032;0,0007310533546842635;0,0008692404953762889;0,0008190480293706059;0,0005214443081058562;0,00031059750472195446;0,00019999816140625626;0,0004188553139101714;0,00039171462412923574;0,0;-0,004168767482042313;1,7247638702392578;-1,4863581657409668;0,02191254124045372;0,29091209173202515;-0,9705793857574463;-1,0968890190124512;2,8523848056793213;-1,3027634620666504
180;1300,0;35,0;1800,0;-0,08736887574195862;0,017164122313261032;0,0009238830534741282;0,0014335433952510357;0,0008190480293706059;0,0018440765561535954;0,00031059750472195446;0,0003183544031344354;0,000544616486877203;0,0006856044055894017;0,0;-0,015472517348825932;2,0595436096191406;-0,9450100064277649;0,0624220184981823;-0,03858177736401558;-1,9346044063568115;-3,5659029483795166;1,5869982242584229;-0,9561875462532043
181;1300,0;35,0;100,0;-0,023906011134386063;0,017164122313261032;0,0007310533546842635;0,0008692404953762889;0,0008190480293706059;0,0004078859055880457;0,00031059750472195446;0,00019255562801845372;4,502831870922819e-05;0,00039171462412923574;0,0;-0,0014758154284209013;1,649807333946228;-1,6688209772109985;-0,037344686686992645;0,5091564655303955;-1,0214753150939941;-0,195855051279068;2,0237607955932617;-1,4886137247085571
182;1700,0;35,0;1800,0;-0,08514600247144699;0,017164122313261032;0,0009238830534741282;0,0014335433952510357;0,0008190480293706059;0,0019232252379879355;0,00031059750472195446;0,004852795507758856;0,0022313082590699196;0,0006856044055894017;0,0;-0,01485357340425253;2,073700189590454;-0,9230685234069824;0,029900837689638138;0,01923687383532524;-1,5002866983413696;-2,844050168991089;-2,3225502967834473;-0,4894281029701233
183;900,0;25,0;1700,0;-0,08536478877067566;0,017164122313261032;0,0009238830534741282;0,0014555822126567364;0,0008190480293706059;0,0018076015403494239;0,00031059750472195446;0,0001409475225955248;0,00013010145630687475;0,0006220325012691319;0,0;-0,01660623960196972;1,9646153450012207;-0,9298720359802246;0,1301925629377365;-0,08484279364347458;-1,8372342586517334;3,522394895553589;1,6015783548355103;-1,0448057651519775
184;1100,0;30,0;800,0;-0,05129778012633324;0,017164122313261032;0,0007310533546842635;0,0010291672078892589;0,0008190480293706059;0,0008303673821501434;0,00031059750472195446;0,00019255562801845372;0,0001351867977064103;0,001869533909484744;0,0;-0,01109190285205841;1,766559362411499;-1,2612555027008057;0,25233620405197144;-0,015594353899359703;-1,525341510772705;0,7188779711723328;2,229238510131836;-2,120774745941162
185;1700,0;30,0;1500,0;-0,07494557648897171;0,017164122313261032;0,0009238830534741282;0,0014335433952510357;0,0008190480293706059;0,0017183762975037098;0,00031059750472195446;0,004852795507758856;0,0022313082590699196;0,0006856044055894017;0,0;-0,013103047385811806;2,0029103755950928;-0,9838228821754456;0,1091972291469574;0,06442626565694809;-1,2433435916900635;-2,2684788703918457;-2,1722679138183594;-0,6369601488113403
186;200,0;35,0;300,0;-0,03599013015627861;0,017164122313261032;0,0007310533546842635;0,0008912793127819896;0,0008190480293706059;0,0003714109770953655;0,00031059750472195446;0,0001031889914884232;-3,88329935958609e-05;0,00031474855495616794;0,0;-0,010381205938756466;1,707877516746521;-1,3863017559051514;0,22238272428512573;-1,344465732574463;-1,3768551349639893;0,7393799424171448;-1,2988861799240112;-2,0280227661132812
187;900,0;35,0;700,0;-0,04823462665081024;0,017164122313261032;0,0007310533546842635;0,0009567118831910193;0,0008190480293706059;0,000674526032526046;0,00031059750472195446;0,0001031889914884232;0,00012852322834078223;0,0003454021061770618;0,0;-0,011674963869154453;1,7863622903823853;-1,2982368469238281;0,22448790073394775;-0,1526893526315689;-1,4744139909744263;2,2144553661346436;1,9702430963516235;-2,084655523300171
188;800,0;30,0;1200,0;-0,06892089545726776;0,017164122313261032;0,0008640573942102492;0,0012400915147736669;0,0008190480293706059;0,0012046683114022017;0,00031059750472195446;0,00022476603044196963;0,00040080409962683916;0,0004832357226405293;0,0;-0,012741115875542164;1,8869733810424805;-1,1115442514419556;0,18315929174423218;-0,27097517251968384;-1,8385099172592163;3,272091865539551;2,094658613204956;-1,3339682817459106
189;1700,0;35,0;1500,0;-0,07423589378595352;0,017164122313261032;0,0009238830534741282;0,0014335433952510357;0,0008190480293706059;0,0017183762975037098;0,00031059750472195446;0,004852795507758856;0,0022313082590699196;0,0006856044055894017;0,0;-0,014044160023331642;2,041139841079712;-0,997465968132019;0,07269477099180222;0,019368425011634827;-1,3622268438339233;-2,92092227935791;-2,0911664962768555;-0,3769982159137726
190;200,0;25,0;1300,0;-0,07357622683048248;0,017164122313261032;0,0009001974831335247;0,001330664032138884;0,0008190480293706059;0,001339609152637422;0,00031059750472195446;0,0001409475225955248;9,876679541775957e-05;0,0005789998103864491;0,0;-0,014972501434385777;1,8109264373779297;-1,0122994184494019;0,20739629864692688;-0,39722564816474915;-1,7276864051818848;-0,07800284028053284;2,7464654445648193;-1,4584932327270508
191;1400,0;25,0;800,0;-0,050041671842336655;0,017164122313261032;0,0007310533546842635;0,0010071283904835582;0,0008190480293706059;0,0009139857720583677;0,00031059750472195446;0,00019999816140625626;0,0004484670062083751;0,0004223681753501296;0,0;-0,010359654203057289;1,7938259840011597;-1,2998805046081543;0,22180791199207306;0,06305097788572311;-1,1083980798721313;-0,7216293215751648;2,0136184692382812;-0,9359764456748962
192;1100,0;30,0;1100,0;-0,06192339211702347;0,017164122313261032;0,0008020487148314714;0,0011943456484004855;0,0008190480293706059;0,001130298594944179;0,00031059750472195446;0,0003183544031344354;0,00038976300857029855;0,0019255054648965597;0,0;-0,012477144598960876;1,878999948501587;-1,1554325819015503;0,20546746253967285;-0,10907778888940811;-1,8165721893310547;0,5158707499504089;2,2624778747558594;-2,230149269104004
193;1600,0;25,0;1500,0;-0,07646004855632782;0,017164122313261032;0,0009238830534741282;0,0014335433952510357;0,0008190480293706059;0,0017183762975037098;0,00031059750472195446;0,0024802035186439753;0,0028899060562253;0,0006856044055894017;0,0;-0,020559662953019142;2,0093252658843994;-0,9159532785415649;0,1989155262708664;0,5181090235710144;-0,7692611217498779;0,27782565355300903;-0,6657088398933411;-0,9611039757728577
