surface,candidate_id,raw_mae_deg,raw_rmse_deg,mean_percentage_error_pct,p95_mean_percentage_error_pct,absolute_offset_error_deg,centered_shape_mae_deg,peak_to_peak_error_pct,closure_mismatch_deg,harmonic_amplitude_error_pct,harmonic_phase_error_deg,deployment_penalty,shape_harmonic_fidelity_score,raw_operating_error_score,offset_continuity_score,robustness_score,deployment_readiness_score,composite_score,veto_reason,rank
Fw,wave52r_integrated_a02_seed_314159,0.0014004494036549595,0.0016583754158252973,2.8558796341291033,7.462640787746469,0.0006092268041237113,0.0011479690721649485,6.057600123711341,0.0008768041237113402,4.750917329896907,3.272573845360825,0.2,0.3125,0.25,0.35416666666666663,0.625,0.2,0.34395833333333337,,1
Fw,wave52r_integrated_a04_seed_161803,0.0013982512725409773,0.00165512167137046,2.8475111347200994,7.308591963843361,0.0006092268041237113,0.0011464948453608248,6.167653969072164,0.0008769896907216496,5.535868360824742,3.0083643608247423,1.0,0.3125,0.0,0.47916666666666663,0.375,1.0,0.3614583333333333,campaign_branch_gate_failed,2
Fw,wave52r_integrated_a05_seed_161803,0.0014000554475976886,0.0016576263078124226,2.851599288358634,7.27783834619324,0.0006092268041237113,0.0011496288659793815,6.0515000206185565,0.0008780927835051547,5.661869288659794,3.019331670103093,1.0,0.3125,0.125,0.6041666666666666,0.25,1.0,0.3927083333333333,campaign_branch_gate_failed,3
Fw,wave52r_integrated_a06_seed_271828,0.0014038171733464183,0.0016623661404559721,2.8583887001372963,7.229681840722115,0.0006092164948453609,0.0011534845360824742,6.061699773195876,0.0008768659793814434,5.119919701030928,3.1517752577319587,1.0,0.5625,0.5833333333333334,0.25,0.125,1.0,0.4822916666666667,campaign_branch_gate_failed,4
Fw,wave52r_promotion_k01_global_seed_271828,0.001404833168904203,0.0016637991057326768,2.8629605328225365,7.512886569530812,0.0006092577319587629,0.0011534123711340206,5.988520453608247,0.000876041237113402,5.0958258453608245,3.1200345051546394,0.0,0.3125,0.7916666666666666,0.4583333333333333,0.875,0.0,0.490625,,5
Fw,wave52r_integrated_a07_seed_314159,0.0014034457984614193,0.0016609554587414255,2.8577017994368172,7.196575052892122,0.0006092268041237113,0.0011512268041237114,6.33138349484536,0.0008782061855670103,5.28174730927835,3.0601561649484537,1.0,0.53125,0.4166666666666667,0.6666666666666666,0.0,1.0,0.5026041666666666,campaign_branch_gate_failed,6
Fw,wave52r_integrated_a03_seed_161803,0.0014026604334572217,0.0016616782732826693,2.8617394426566682,7.46248884822154,0.0006092268041237113,0.0011511030927835052,6.058886216494845,0.0008771340206185568,6.24728718556701,3.120342804123711,1.0,0.59375,0.5,0.5416666666666666,0.5,1.0,0.5911458333333334,campaign_branch_gate_failed,7
Fw,wave52r_integrated_a07_seed_161803,0.001404885550283128,0.001663986140638818,2.8622648300255906,7.4906588267124805,0.0006092268041237113,0.0011540309278350515,6.180217979381443,0.0008752061855670103,5.372078185567011,3.0333672164948453,1.0,0.59375,0.8333333333333334,0.22916666666666666,0.75,1.0,0.6328125,campaign_branch_gate_failed,8
Fw,wave52r_promotion_h08_fw_seed_161803,0.0016877216942413089,0.001984632909081134,3.4772609626812065,7.595649767742147,0.000861659793814433,0.0013196082474226805,7.958770092783506,0.0008716185567010309,5.931030030927835,4.713398876288659,0.15,0.96875,1.0,0.5,1.0,0.15,0.8040625,frozen_h08_raw_and_offset_regression_vs_k01,9
Bw,wave52r_integrated_a07_seed_161803,0.001521262176211848,0.0018088014195654432,2.9177805637997327,6.645493554933439,0.0005454639175257732,0.0012935257731958763,6.92596550515464,0.0008636804123711341,4.898997773195877,2.5967810103092783,1.0,0.625,0.42857142857142855,0.0,0.0,1.0,0.4044642857142857,campaign_branch_gate_failed,1
Bw,wave52r_integrated_a04_seed_161803,0.0015166066739892767,0.0018019982651500282,2.906542282678185,6.67175519687821,0.0005454845360824743,0.0012858556701030928,7.128052958762887,0.0008662680412371134,4.573480206185567,2.6033888350515464,1.0,0.5059523809523809,0.09523809523809523,0.6428571428571428,0.2857142857142857,1.0,0.46755952380952376,campaign_branch_gate_failed,2
Bw,wave52r_integrated_a03_seed_161803,0.0015122445492619268,0.0018012339399103578,2.9086016516716473,6.764459558591719,0.0005454742268041237,0.0012851649484536083,6.8011887422680415,0.0008689072164948453,6.307635257731958,2.52814193814433,1.0,0.2857142857142857,0.047619047619047616,0.75,1.0,1.0,0.5095238095238095,campaign_branch_gate_failed,3
Bw,wave52r_integrated_a06_seed_271828,0.0015228791041152782,0.001809115911737003,2.9186179985994634,6.6634854246139525,0.0005454742268041237,0.0012936804123711342,6.888912216494845,0.000864041237113402,4.619089030927835,2.7204434536082474,1.0,0.6666666666666666,0.5714285714285714,0.3214285714285714,0.14285714285714285,1.0,0.5333333333333333,campaign_branch_gate_failed,4
Bw,wave52r_integrated_a07_seed_314159,0.001522995046845989,0.0018104357722676405,2.918962624782263,6.722021590046767,0.0005454742268041237,0.001295298969072165,6.794685659793815,0.000867938144329897,4.504239134020619,2.572321175257732,1.0,0.31547619047619047,0.7142857142857143,0.6785714285714286,0.42857142857142855,1.0,0.5532738095238096,campaign_branch_gate_failed,5
Bw,wave52r_promotion_k01_global_seed_271828,0.001523086294561118,0.0018114786828739287,2.9233943524645234,6.727416758635777,0.0005454742268041237,0.0012964845360824743,6.955921907216495,0.0008677525773195876,4.581540237113402,2.5386300206185566,0.0,0.5,0.9047619047619048,0.4642857142857143,0.8571428571428571,0.0,0.5773809523809523,,6
Bw,wave52r_integrated_a05_seed_161803,0.0015209619313031762,0.0018076570161910173,2.9161781114963916,6.72396702742301,0.0005454742268041237,0.0012909690721649484,7.5733926494845365,0.0008678969072164948,4.5982,2.5759971030927837,1.0,0.6190476190476191,0.2857142857142857,0.6071428571428572,0.5714285714285714,1.0,0.580952380952381,campaign_branch_gate_failed,7
Bw,wave52r_integrated_a02_seed_314159,0.0015230876271396733,0.001811477095168069,2.9233948231549913,6.727190348267386,0.0005454742268041237,0.0012964845360824743,6.956281701030928,0.0008677628865979381,4.581624082474226,2.538672711340206,0.2,0.6071428571428571,0.9523809523809524,0.5357142857142857,0.7142857142857143,0.2,0.6372619047619048,,8
global,wave52r_integrated_a04_seed_161803,0.0014574289732651254,0.001728559968260245,2.877026708699141,6.916047072516901,0.0005773556701030928,0.0012161752577319587,6.647853463917525,0.0008716288659793815,5.054674283505155,2.8058765979381444,1.0,0.39285714285714285,0.0,0.47619047619047616,0.42857142857142855,1.0,0.3970238095238095,campaign_branch_gate_failed,1
global,wave52r_integrated_a06_seed_271828,0.0014633481387308473,0.0017357410260964872,2.888503349368382,6.785100106474943,0.0005773453608247422,0.001223582474226804,6.47530599484536,0.0008704536082474227,4.869504365979381,2.9361093556701032,1.0,0.5714285714285714,0.7142857142857143,0.07142857142857142,0.0,1.0,0.45714285714285713,campaign_branch_gate_failed,2
global,wave52r_integrated_a05_seed_161803,0.0014605086894504324,0.0017326416620017195,2.883888699927513,6.908595048032281,0.0005773505154639174,0.001220298969072165,6.812446335051547,0.0008729948453608248,5.130034644329897,2.7976643865979383,1.0,0.5,0.23809523809523805,0.5238095238095238,0.2857142857142857,1.0,0.47023809523809523,campaign_branch_gate_failed,3
global,wave52r_integrated_a02_seed_314159,0.001461768515397316,0.0017349262554966834,2.8896372286420484,7.055717468476878,0.0005773505154639174,0.0012222268041237115,6.5069409123711335,0.0008722835051546392,4.666270706185567,2.9056232783505154,0.2,0.42857142857142855,0.5238095238095238,0.45238095238095233,0.7142857142857143,0.2,0.4723809523809524,,4
global,wave52r_integrated_a07_seed_314159,0.0014632204226537047,0.0017356956155045327,2.8883322121095407,6.8731140266529245,0.0005773505154639174,0.0012232628865979382,6.563034577319588,0.0008730721649484536,4.892993221649484,2.8162386701030924,1.0,0.5357142857142857,0.5714285714285714,0.6666666666666666,0.14285714285714285,1.0,0.5565476190476191,campaign_branch_gate_failed,5
global,wave52r_integrated_a03_seed_161803,0.001457452491359575,0.0017314561065965132,2.8851705471641567,7.0755267539937945,0.0005773505154639174,0.0012181340206185566,6.430037479381443,0.0008730206185567009,6.277461221649485,2.8242423711340203,1.0,0.42857142857142855,0.19047619047619047,0.5952380952380952,1.0,1.0,0.5571428571428572,campaign_branch_gate_failed,6
global,wave52r_integrated_a07_seed_161803,0.001463073863247488,0.0017363937801021317,2.8900226969126606,7.016385813748886,0.0005773453608247422,0.001223778350515464,6.553091742268041,0.0008694432989690721,5.135537979381443,2.8150741134020616,1.0,0.6428571428571428,0.7619047619047619,0.0,0.5714285714285714,1.0,0.5630952380952381,campaign_branch_gate_failed,7
global,wave52r_promotion_k01_global_seed_271828,0.0014639597317326603,0.0017376388943033034,2.893177442643528,7.0572306405303085,0.0005773659793814433,0.0012249484536082473,6.4722211804123715,0.0008718969072164948,4.838683041237114,2.829332262886598,0.0,0.5,1.0,0.7142857142857143,0.8571428571428571,0.0,0.6464285714285715,,8
